Y,X1,X2,X3
14.30731958,1.015749273,-2.213919439,1
13.91659542,1.320835254,-1.468032588,1
16.8818375,1.124666725,-2.213919439,1
14.4400875,1.159801289,-0.249144319,1
28.11143417,1.596056773,-0.249144319,1
23.4196575,1.733667532,-0.249144319,1
30.07708833,1.525787449,-0.249144319,1
24.15205042,1.26422941,-0.249144319,1
23.61251667,1.366705507,-1.468032588,1
25.27865833,1.299364072,-2.213919439,1
16.15172083,1.408671909,-0.249144319,1
16.47632083,1.070988769,-0.249144319,1
15.96754958,1.30229196,-0.249144319,1
15.07084333,0.801623028,-0.249144319,1
17.28953958,1.156873498,-0.249144319,1
16.74336667,1.36084973,-1.468032588,1
16.30553208,1.101243227,-2.213919439,1
21.20547625,2.042071787,-0.249144319,1
22.39825792,1.884941771,-0.249144319,1
22.85208333,1.524030716,-0.249144319,1
20.86596292,1.596837543,-0.249144319,1
16.29832125,1.656956854,-0.249144319,1
10.92606042,1.659494357,-1.468032588,1
14.54038125,1.117834985,-2.213919439,1
22.92774042,0.967536709,-0.249144319,1
21.3443125,0.694266921,-0.249144319,1
9.02095375,1.085628212,-0.249144319,1
8.416862917,1.440878683,-0.249144319,1
11.311395,1.642902989,-0.249144319,1
14.15774125,2.150403662,-1.468032588,1
17.27263958,2.527125315,-2.213919439,1
27.65115,2.735981361,-0.196626745,2
20.90587167,2.03621601,-0.196626745,2
22.12616292,1.519931672,-0.196626745,2
24.54133333,1.119786911,-0.196626745,2
20.79406042,1.079772337,-0.196626745,2
29.28412417,1.215431073,-1.429313749,2
26.5880125,1.348162214,-2.183644602,2
13.76588458,1.177368718,-0.196626745,2
24.36131625,0.980712207,-0.196626745,2
24.73165917,1.591176959,-0.196626745,2
16.72469667,0.917762605,-0.196626745,2
12.41496167,0.844565392,-0.196626745,2
15.45207417,0.607406424,-1.429313749,2
13.33410708,0.655228603,-2.183644602,2
16.67633042,1.380368987,-0.196626745,2
13.50635708,0.898243348,-0.196626745,2
7.736884167,0.591791019,-0.196626745,2
9.942694167,0.623997792,-0.196626745,2
12.4139925,0.447348422,-0.196626745,2
15.79423958,0.821141699,-1.429313749,2
37.87,1.451614274,-2.183644602,2
37.87,1.399888244,-0.196626745,2
35.03168333,1.027070442,-0.196626745,2
17.10597667,0.651324459,-0.196626745,2
14.48469917,0.525425448,-0.196626745,2
26.7884925,0.469795665,-0.196626745,2
19.09509208,0.340968473,-1.429313749,2
12.11869583,0.708906363,-2.183644602,2
20.3954375,0.725497731,-0.196626745,2
22.41638458,1.496508564,-0.249144319,3
17.43742083,1.514075895,-0.249144319,3
15.9439075,1.432095017,-0.249144319,3
19.5579725,1.468205642,-0.249144319,3
21.41375,1.716100201,-1.468032588,3
17.41566667,0.949969378,-2.213919439,3
26.87788125,0.962656895,-0.249144319,3
19.62857917,0.967536709,-0.249144319,3
17.82693583,1.350114139,-0.249144319,3
25.99831667,1.479917098,-0.249144319,3
33.83562208,1.231046674,-0.249144319,3
24.69969167,0.664012268,-1.468032588,3
23.04619583,0.599598721,-2.213919439,3
24.13730375,0.880675919,-0.249144319,3
23.57114042,1.014382925,-0.249144319,3
14.39063917,0.69914693,-0.249144319,3
16.22849458,0.407333848,-0.249144319,3
17.0806375,-0.13920524,-0.249144319,3
12.7885,0.690363265,-1.468032588,3
21.09720875,0.793815325,-2.213919439,3
25.4285175,0.679627381,-0.249144319,3
24.35855417,1.109051124,-0.249144319,3
23.52904167,0.756435948,-0.249144319,3
33.30930833,0.505905997,-0.249144319,3
34.75520417,1.150041368,-2.213919439,3
34.64055833,0.89043545,-2.213919439,3
28.82693333,0.513713894,-2.213919439,3
18.45098083,0.188717783,-0.249144319,3
20.78715875,0.584959279,-0.249144319,3
25.59055042,0.358535902,-0.249144319,3
37.68332167,0.050131354,-0.249144319,3
35.240325,-0.070888037,-0.144109171,4
33.86492917,0.002309175,-1.39059491,4
29.72127167,-0.023065761,-2.153369765,4
44.39957083,-0.470056836,-0.144109171,4
30.37035833,-0.784316672,-0.144109171,4
27.53470417,-0.124566286,-0.144109171,4
52.88387917,-0.421551776,-0.144109171,4
69.8134625,-0.612547312,-0.144109171,4
50.62559458,-0.245585775,-1.39059491,4
62.91474292,0.110641342,-2.153369765,4
45.99017625,0.153973799,-0.144109171,4
40.21382917,-0.268032237,-0.144109171,4
23.52475875,0.112300479,-0.144109171,4
10.21349083,0.566415985,-0.144109171,4
18.67534667,0.37512727,-0.144109171,4
30.539775,-0.836043093,-1.39059491,4
34.08194583,-0.745278452,-2.153369765,4
95.627075,-1.284985898,-0.144109171,4
26.56729042,-0.497383697,-0.144109171,4
24.96964208,0.373175344,-0.144109171,4
58.75810417,-0.330494541,-0.144109171,4
47.50492917,-0.525004129,-0.144109171,4
58.02290417,-0.778461676,-1.39059491,4
80.45124542,-0.679888845,-2.153369765,4
71.98456667,-0.942422554,-0.144109171,4
61.0975,-0.693552227,-0.144109171,4
132.8120708,-0.697456078,-0.144109171,4
183.4440417,-0.451513835,-0.144109171,4
218.0498625,-0.006474881,-0.144109171,4
128.9599708,-0.776509067,-1.39059491,4
95.53786667,-0.28267246,-2.113003316,5
102.4574833,0.184814127,-0.074085739,5
90.30872917,-0.252417417,-0.074085739,5
77.78624583,-0.094311145,-0.074085739,5
114.2116292,-0.030873268,-0.074085739,5
97.11206667,0.263867409,-0.074085739,5
95.7529125,-0.122614458,-1.338969792,5
124.5062292,-0.046488771,-2.113003316,5
55.59374167,-0.508119874,-0.074085739,5
68.717825,-0.493480139,-0.074085739,5
156.1820708,-0.103387892,-0.074085739,5
57.82074167,0.566415985,-0.074085739,5
130.2349333,0.111617305,-0.074085739,5
103.8145375,-0.20264302,-1.338969792,5
122.8470792,0.00230937,-2.113003316,5
127.8094458,-0.364653533,-0.074085739,5
100.6716292,-0.86337015,-0.074085739,5
120.7433292,-1.037091827,-0.074085739,5
114.3794833,-0.904360394,-0.074085739,5
139.4694417,-0.653830637,-0.074085739,5
144.4587417,-1.141518971,-2.113003316,5
144.0799667,-1.286938117,-2.113003316,5
161.4766458,-0.763822136,-0.074085739,5
117.0824708,-0.379292683,-0.074085739,5
59.90830417,0.222877068,-0.074085739,5
83.61037083,0.093073816,-0.074085739,5
247.8536125,-1.080033313,-0.074085739,5
174.8858333,-1.293769759,-1.338969792,5
113.8099417,-0.403691656,-2.113003316,5
96.16457083,-0.383196534,-0.074085739,5
142.4370167,-0.768701755,-0.074085739,5
119.2404083,-0.993368497,0.030949409,6
68.50827083,-1.440164281,0.030949409,6
58.4599,-1.33378404,0.030949409,6
82.54074167,-0.957062289,-1.261532114,6
70.21777083,-1.212764648,-2.052453643,6
109.8430667,-0.640850526,0.030949409,6
166.8590708,-0.702336282,0.030949409,6
79.09156667,-0.727711414,0.030949409,6
64.016525,-0.875081899,0.030949409,6
54.87620833,-1.050754818,0.030949409,6
52.55827083,-1.281082047,-1.261532114,6
94.08580417,-1.82566921,-2.052453643,6
73.80998292,-0.572533616,0.030949409,6
79.795375,-1.101505374,0.030949409,6
123.0898292,-0.849706475,0.030949409,6
81.89040833,-0.93168745,0.030949409,6
65.68164167,-0.472008956,0.030949409,6
40.0454,-0.834091655,-1.261532114,6
171.96115,-1.970111611,-2.052453643,6
161.2099833,-1.908626343,0.030949409,6
39.77582083,-1.84645712,0.030949409,6
138.790825,-1.796390422,0.030949409,6
244.1944167,-1.040995092,0.030949409,6
65.02224125,-1.200077327,0.030949409,6
40.54749542,-0.678913077,-1.261532114,6
54.832,-1.548496156,-2.052453643,6
57.4420625,-1.964255736,-2.052453643,6
68.6511875,-1.925217614,0.030949409,6
116.6845667,-0.957062484,0.030949409,6
101.59375,-1.669515351,0.030949409,6
100.3745708,-1.929414049,0.030949409,7
67.055375,-2.666948978,-1.261532114,7
110.3878583,-2.767473028,-2.052453643,7
178.3440667,-1.806150138,0.030949409,7
167.2807375,-1.083937847,0.030949409,7
66.25706667,-1.219596779,0.030949409,7
119.342775,-0.484696864,0.030949409,7
55.06375,-0.655490262,0.030949409,7
31.71199583,-0.285599665,-1.261532114,7
25.24124542,-0.431018713,-2.052453643,7
36.57246583,-0.386124422,0.030949409,7
133.5458125,-0.995125327,0.030949409,7
111.4283167,-1.120048082,0.030949409,7
192.3632292,-1.406004996,0.030949409,7
183.9849083,-1.537760369,0.030949409,7
134.1374,-1.740760648,-2.052453643,7
50.96957083,-1.052707622,-2.052453643,7
141.3708292,-0.817500092,0.030949409,7
97.836625,-1.360135329,0.030949409,7
131.2295663,-0.654513616,0.030949409,7
91.72665,-1.333784723,0.030949409,7
109.3257417,-1.543616049,0.030949409,7
105.6837,-1.959376303,-1.261532114,7
69.63914167,-1.418692904,-2.052453643,7
91.64414167,-1.196173768,0.030949409,7
135.6420792,-1.375750539,0.030949409,7
188.81165,-0.914120022,0.030949409,7
50.50415417,-0.417355038,0.030949409,7
39.05207083,-0.723807855,0.030949409,7
83.17782833,-0.710144571,-1.261532114,7
178.45665,-0.784316965,-2.052453643,7
129.070825,-0.948279111,-0.004062307,8
148.7311458,-1.511409568,-0.004062307,8
45.12623333,-0.454441528,-0.004062307,8
47.1340625,-0.423210717,-0.004062307,8
35.66124583,-0.414427247,-0.004062307,8
32.26165833,-0.156772474,-1.287344673,8
49.81507833,-0.061128214,-2.072636867,8
179.4283167,-0.718927455,-0.004062307,8
90.39745833,-1.048802697,-0.004062307,8
53.88915833,-1.035139608,-0.004062307,8
82.382025,-0.540326257,-0.004062307,8
74.71288333,-1.147375139,-0.004062307,8
49.95332917,-0.334398002,-1.287344673,8
48.4662375,-0.280720144,-2.072636867,8
38.582475,-0.279744083,-2.072636867,8
57.65747083,-0.254368952,-0.004062307,8
49.38027083,-0.516902954,-0.004062307,8
62.26165833,-0.76089454,-0.004062307,8
60.50999167,-1.007812649,-0.004062307,8
162.9483125,-1.739784383,-1.287344673,8
93.36623333,-1.494817917,-2.072636867,8
114.69915,-0.64377822,-0.004062307,8
128.0999583,-0.502263707,-0.004062307,8
63.382825,-0.431994188,-0.004062307,8
34.879425,-0.566677156,-0.004062307,8
94.93581667,-1.050754721,-0.004062307,8
80.8174875,-1.745640355,-1.287344673,8
89.76786667,-0.819451432,-2.072636867,8
23.35874125,-0.471033189,-0.004062307,8
56.452495,-0.549109923,-0.004062307,8
109.4394833,-1.406981155,-0.004062307,8
198.6370333,-1.717337228,0.18850213,9
42.29831667,-0.717951785,0.18850213,9
55.95453333,-0.357821208,-1.145375598,9
39.9841625,-0.394907893,-1.961629133,9
137.7883292,-1.046850782,0.18850213,9
158.5929125,-1.206908803,0.18850213,9
83.19163333,-0.551061653,0.18850213,9
44.5751875,-0.299263242,0.18850213,9
79.85499583,-0.384172204,0.18850213,9
92.93039167,-0.650609764,-1.145375598,9
95.5883125,-0.648657839,-1.961629133,9
53.75840375,-0.333422137,0.18850213,9
72.42916667,-0.549110215,0.18850213,9
71.4429125,-0.734542666,0.18850213,9
65.7266375,-0.987317722,0.18850213,9
52.1829075,-0.383196436,0.18850213,9
101.4720667,-0.137253607,-1.145375598,9
37.29582083,-0.117734156,-1.961629133,9
51.0411625,-0.352941296,-1.961629133,9
59.53121667,-0.104070774,0.18850213,9
103.0324083,-0.442730267,0.18850213,9
56.1816625,-0.569604947,0.18850213,9
33.4275,0.497121941,0.18850213,9
59.232025,0.167246796,-1.145375598,9
60.18992083,-0.458345574,-1.961629133,9
39.36871667,-0.545205876,0.18850213,9
24.877075,0.002309468,0.18850213,9
39.934975,0.271674526,0.18850213,9
37.67531667,0.148703893,0.18850213,9
63.50412083,-0.232897575,0.18850213,9
75.74874,-0.592051897,-1.132469318,10
63.828325,-0.26998426,-1.95153752,10
39.16540833,-0.47591232,0.206007988,10
46.39958333,-0.395883563,0.206007988,10
54.18625,-0.784316477,0.206007988,10
29.65970833,-0.222161983,0.206007988,10
71.31833333,-0.694527994,0.206007988,10
81.13583333,-0.771629156,-1.132469318,10
48.34920833,-0.743326038,-1.95153752,10
26.55475,-0.605715376,-1.95153752,10
21.44649958,0.056963387,0.206007988,10
41.11616625,-0.150916697,0.206007988,10
59.695,-0.781388686,0.206007988,10
60.50758333,-0.860441676,0.206007988,10
35.66283333,-1.019523715,-1.132469318,10
45.45920792,-0.901432407,-1.95153752,10
48.50541667,-0.598883832,0.206007988,10
78.94166667,-0.324637983,0.206007988,10
31.12041667,0.374151112,0.206007988,10
42.1225,0.236540743,0.206007988,10
35.26754167,0.020852762,0.206007988,10
60.92416667,-0.060152251,-1.132469318,10
41.61875,0.24337219,-1.95153752,10
28.85375,0.560560208,0.206007988,10
30.09333333,0.682555562,0.206007988,10
18.27295833,0.91190673,0.206007988,10
21.72954125,1.55701826,0.206007988,10
24.806625,0.442468705,0.206007988,10
36.43833333,0.136016376,-1.132469318,10
15.79958333,-0.085527285,-1.95153752,10
49.778375,-0.657441309,-1.95153752,10
67.25295833,-0.836042702,-1.921262684,11
21.82874958,-0.56374878,0.258525562,11
24.62599583,0.313641611,0.258525562,11
7.29516625,0.708906558,0.258525562,11
9.29579125,0.557632319,-1.093750479,11
11.63815792,0.687435279,-1.921262684,11
24.86208333,0.186766638,0.258525562,11
26.71208333,0.063795322,0.258525562,11
33.52916667,0.025732576,0.258525562,11
28.949625,0.012068999,0.258525562,11
27.90166667,0.174079024,0.258525562,11
22.305,-0.134325329,-1.093750479,11
39.329625,-0.212987933,-1.921262684,11
24.31658333,0.165295261,0.258525562,11
33.33291667,-0.345133593,0.258525562,11
28.46082917,-0.352941003,0.258525562,11
19.37625,0.696219042,0.258525562,11
20.10387083,1.202743752,0.258525562,11
20.27995833,0.650348789,-1.093750479,11
16.22479167,1.13345039,-1.921262684,11
27.9575,2.453928102,0.258525562,11
34.03541667,0.859204835,0.258525562,11
26.59575,0.857252909,0.258525562,11
26.46716667,0.600574782,0.258525562,11
41.9791625,0.656204566,0.258525562,11
15.09683333,0.669868045,-1.093750479,11
15.29629167,0.524449583,-1.921262684,11
14.81854125,1.121738739,0.258525562,11
26.22875,1.846879221,0.258525562,11
19.83075,1.3091237,0.258525562,11
19.12416667,1.114907097,0.346054852,12
29.86916667,1.182248434,0.346054852,12
28.48,0.604478535,-1.029219081,12
20.34,0.092097951,-1.870804622,12
28.72916667,0.027684404,0.346054852,12
15.272375,0.276555121,0.346054852,12
17.20883333,1.060253276,0.346054852,12
13.83479167,1.731715607,-1.870804622,12
13.63941667,1.000719445,0.346054852,12
7.394957917,0.91971453,-1.029219081,12
5.873916667,0.788935511,-1.870804622,12
13.9155,0.473699516,0.346054852,12
20.469,0.216045328,0.346054852,12
17.899,0.702074721,0.346054852,12
22.07641667,1.101243617,0.346054852,12
12.42383333,0.520545732,0.346054852,12
14.23416208,0.902147199,-1.029219081,12
18.58504167,0.511762066,-1.870804622,12
16.19133292,0.518593611,0.346054852,12
24.36295792,0.374151307,0.346054852,12
19.168375,0.161391214,0.346054852,12
13.78916583,0.308761797,0.346054852,12
14.01604167,0.552752505,0.346054852,12
17.27874958,0.348776078,-1.029219081,12
37.87,0.001138313,-1.870804622,12
27.94829167,0.518984191,0.346054852,12
9.30325,1.282772509,0.346054852,12
10.73679167,2.405129961,0.346054852,12
6.799458333,1.859566738,0.346054852,12
6.6755,0.966560746,0.346054852,12
13.38737083,0.968512672,-1.029219081,12
14.025875,0.633757323,-1.901079459,1
9.051458333,0.813334582,0.293537278,1
15.35458333,0.511762066,0.293537278,1
16.12629167,0.511761969,0.293537278,1
16.48187083,0.706954633,0.293537278,1
18.28924583,0.708906461,0.293537278,1
11.92025,1.230070711,-1.06793792,1
4.42675,1.152969647,-1.901079459,1
13.7656625,0.617166052,0.293537278,1
25.59254167,0.295098122,0.293537278,1
23.60816667,0.371808899,0.293537278,1
21.93104167,0.866719748,0.293537278,1
8.57691625,1.343282399,0.293537278,1
13.477125,0.976320374,-1.06793792,1
9.276375,0.889459682,-1.901079459,1
11.72854167,0.393670661,0.293537278,1
14.049,1.009503111,0.293537278,1
13.36083333,1.003647236,0.293537278,1
18.11966667,1.305219849,0.293537278,1
13.29479167,1.436974831,0.293537278,1
14.47087458,1.682917465,-1.06793792,1
16.49666667,1.816624373,-1.901079459,1
19.24825,1.5296913,0.293537278,1
12.26391667,1.36768147,0.293537278,1
28.54583333,2.42562518,0.293537278,1
37.87,2.92531815,0.293537278,1
36.40116667,2.326076971,0.293537278,1
23.37245833,1.965946686,-1.06793792,1
15.1025,1.189080272,-1.901079459,1
18.77833333,1.164681201,0.293537278,1
21.44958333,1.156873401,0.293537278,1
16.92229125,1.113931134,0.258525562,2
15.33825,0.77917598,0.258525562,2
9.030953333,1.018286776,0.258525562,2
11.533125,1.137354242,-1.093750479,2
11.49929167,1.059277313,-1.921262684,2
16.36666625,1.214455306,0.258525562,2
18.935,0.97144056,0.258525562,2
15.56108333,1.041709884,0.258525562,2
15.35970833,0.989007891,0.258525562,2
14.533875,0.218387737,0.258525562,2
13.40754167,0.001138313,-1.093750479,2
13.49187083,0.001138313,-1.921262684,2
24.765,0.001138313,0.258525562,2
13.83333292,1.493580676,0.258525562,2
15.01291625,1.350114139,0.258525562,2
15.98679167,0.982176151,0.258525562,2
11.74449958,-0.004522369,0.258525562,2
16.856875,0.845541355,-1.093750479,2
5.7514125,1.320835254,-1.921262684,2
5.877833333,1.788321451,0.258525562,2
7.156199583,1.921052396,0.258525562,2
8.48725,2.007913088,0.258525562,2
9.951624583,2.2255528,0.258525562,2
12.79629167,2.351452005,0.258525562,2
11.53970833,2.288990384,-1.093750479,2
11.85841625,1.809792633,-1.921262684,2
17.46754167,1.018286776,0.258525562,2
15.72266625,0.715738298,0.258525562,2
21.18291667,0.707930596,0.170996272,3
14.2195,0.702074819,0.170996272,3
13.09795833,0.5371371,0.170996272,3
12.85804167,0.494194735,-1.158281877,3
14.0915,0.3692712,-1.971720745,3
22.83845833,0.46296373,0.170996272,3
20.52795833,0.512737932,0.170996272,3
15.99574958,0.668892082,0.170996272,3
19.52795792,0.25117999,0.170996272,3
30.68583333,0.300954095,0.170996272,3
21.36875,0.040372018,-1.158281877,3
19.65637375,0.297050341,-1.971720745,3
24.0665825,1.065132895,0.170996272,3
11.73516583,1.107099394,0.170996272,3
18.63,0.549824519,0.170996272,3
20.28041625,0.98510404,0.170996272,3
24.69875,0.708906558,0.170996272,3
15.2479575,0.476627404,-1.158281877,3
14.84291625,0.88165198,-1.971720745,3
19.712165,0.977296337,0.170996272,3
19.26624958,1.193960086,0.170996272,3
26.97916625,1.460397939,0.170996272,3
25.39041625,0.865060612,0.170996272,3
25.06166667,0.232636501,0.170996272,3
28.7525,0.812358619,-1.158281877,3
19.97804125,0.625949718,-1.971720745,3
24.18375,0.493218773,0.170996272,3
30.27583333,0.282410801,0.170996272,3
35.95791625,0.374151307,0.170996272,3
29.49583333,0.390742675,0.170996272,3
40.47125,0.247276334,0.170996272,3
24.53666667,0.175054987,-1.184094436,4
21.42116625,0.459060073,-1.991903969,4
49.97874917,0.34682425,0.135984556,4
29.29125,0.397574415,0.135984556,4
28.22083333,0.564464059,0.135984556,4
42.31004125,0.115521156,0.135984556,4
56.65375,-0.500311391,0.135984556,4
51.2025,-0.321710192,-1.184094436,4
27.83791667,0.304858336,-1.991903969,4
38.78041667,0.131136659,0.135984556,4
17.58958333,0.151631781,0.135984556,4
31.44833333,0.226780822,0.135984556,4
35.28916667,0.237516511,0.135984556,4
56.90541667,0.240444399,-1.991903969,4
29.9075,0.862132723,-1.991903969,4
30.92920833,0.724521769,-1.991903969,4
55.49375,0.752824496,0.135984556,4
43.33295833,0.618141917,0.135984556,4
33.55916667,0.758680663,-1.991903969,4
24.21375,0.337064719,0.135984556,4
56.68999958,0.217997254,0.135984556,4
55.43666667,0.041348079,-1.184094436,4
56.91291667,-0.265104543,-1.991903969,4
37.53041667,-0.192883098,0.135984556,4
97.56291667,-0.432969858,0.135984556,4
37.91666667,-0.029897501,0.135984556,4
21.74458292,0.623021829,0.135984556,4
34.12583333,0.655228603,0.135984556,4
46.8925,0.195550109,-1.184094436,4
42.67499917,0.506882252,-1.991903969,4
14.0275,0.487362996,-1.971720745,5
72.04166667,0.096978058,0.170996272,5
49.11958333,-0.454441138,0.170996272,5
21.25,0.718666187,0.170996272,5
30.58333333,0.733305629,0.170996272,5
21.5,0.2062857,-1.158281877,5
38,-0.046488674,-1.971720745,5
70.04166667,-0.226066225,0.170996272,5
72.20833333,-0.235825853,0.170996272,5
116.375,-0.413450699,0.170996272,5
91.20833333,-0.104070481,0.170996272,5
33.625,0.435636965,0.170996272,5
16.83333333,0.587887167,-1.158281877,5
31.08333333,-0.145061017,-1.971720745,5
37.5,-0.309998736,0.170996272,5
23.33333333,-0.377339879,0.170996272,5
77,-0.452489212,0.170996272,5
133.75,-1.205932421,0.170996272,5
68.41666667,-1.568014631,0.170996272,5
41.07791667,-1.124927701,-1.158281877,5
51.16666667,-0.341229839,-1.971720745,5
73.07083333,-0.664956418,0.170996272,5
58.45833333,-1.687082097,0.170996272,5
56.70833333,-2.217030012,0.170996272,5
35.41125,-2.224837715,0.170996272,5
60.75,-1.477250186,0.170996272,5
30.20833333,-1.260586534,-1.158281877,5
39.58333333,-1.519216587,-1.971720745,5
51.45833333,-1.337687501,0.170996272,5
41.375,-1.108335747,0.170996272,5
48.20833333,-0.521782671,0.170996272,5
94.29166667,-0.619378759,0.18850213,6
52.875,-1.323047961,0.18850213,6
79.5,-0.952182182,-1.145375598,6
83.54166667,-1.606077182,-1.961629133,6
40.70833333,-1.512384848,0.18850213,6
30.29166667,-0.605715474,0.18850213,6
116.7083333,-0.715999079,0.18850213,6
65.95833333,-1.450899384,0.18850213,6
34.875,-0.412474833,0.18850213,6
87.25,-0.467128654,-1.145375598,6
77.04166667,-1.784678478,-1.961629133,6
52.33333333,-1.487985777,0.18850213,6
42.375,-0.755037592,0.18850213,6
32.58333333,-0.618402893,0.18850213,6
14.875,-0.175315767,0.18850213,6
55,-1.395269308,0.18850213,6
157.4166667,-1.867635416,-1.145375598,6
90.04166667,-2.396607174,-1.961629133,6
75.04166667,-2.203366533,0.18850213,6
49.875,-1.903745943,0.18850213,6
34.95291667,-0.725759,0.18850213,6
39.70833333,-0.339277621,0.18850213,6
98.79166667,-1.011715915,0.18850213,6
31.70833333,-1.054658279,-1.145375598,6
44.66666667,-0.253393087,-1.961629133,6
36.625,-0.553013579,-1.961629133,6
82.25,-0.437849672,0.18850213,6
48.9475,-0.630114838,0.18850213,6
55.79166667,-0.181171544,0.18850213,6
78.66666667,-0.247537212,0.18850213,6
56.25,-0.139205143,-1.158281877,7
37.95833333,-0.444681509,-1.971720745,7
94.5,-0.237777486,0.170996272,7
94.83333333,-0.841898187,0.170996272,7
55.875,-1.062465982,0.170996272,7
45.41666667,-1.108336333,0.170996272,7
35.58333333,-1.664635049,0.170996272,7
51.29166667,-0.939494568,-1.158281877,7
113.7916667,-1.583630232,-1.971720745,7
82.66666667,-2.006221943,0.170996272,7
32.08333333,-2.331217664,0.170996272,7
37.66125,-1.508480899,0.170996272,7
44.625,-0.984388565,0.170996272,7
55.91666667,-1.238139292,0.170996272,7
123.8333333,-1.992558854,-1.158281877,7
112.7083333,-2.38489562,-1.971720745,7
121.8333333,-1.64316377,0.170996272,7
57.5,-2.089178881,0.170996272,7
43.74458333,-1.266442116,0.170996272,7
51.95833333,-0.197762913,0.170996272,7
97.5,-0.265104348,0.170996272,7
23.41666667,-0.539349904,-1.158281877,7
46.04166667,-0.913143961,-1.971720745,7
35.66125,-0.872153327,0.170996272,7
117.4166667,-0.772605021,0.170996272,7
72.74458333,-0.731614582,0.170996272,7
28.66666667,-0.391003651,0.170996272,7
45.66666667,-0.779436761,0.170996272,7
59.95833333,-1.679274394,-1.158281877,7
26.16666667,-1.192269136,-1.971720745,7
38.75,-1.239115352,0.170996272,7
129.3333333,-1.130783478,0.328548994,8
100.8333333,-1.272298088,0.328548994,8
88.45833333,-1.444067352,0.328548994,8
52.625,-0.98926877,0.328548994,8
23.375,-0.739422089,-1.042125361,8
72.45833333,-0.60766779,-1.880896235,8
54.08333333,-0.816523251,0.328548994,8
20.70833333,-0.459321049,0.328548994,8
23.28625,-0.51397487,0.328548994,8
47.95833333,-0.992196463,0.328548994,8
44.16666667,-0.98438876,0.328548994,8
19.29166667,-0.964869601,-1.042125361,8
26.91666667,-0.829210865,-1.880896235,8
35.41666667,-0.734541885,0.328548994,8
107.2029167,-0.609618837,-1.880896235,8
41.45833333,-1.259610376,0.328548994,8
19.125,-0.41149887,0.328548994,8
30.66666667,-0.602787488,0.328548994,8
74,-1.118095863,-1.042125361,8
129.875,-1.252778637,-1.880896235,8
32.32791667,-1.305480727,0.328548994,8
34.875,-0.918023678,0.328548994,8
14.70833333,-1.135663097,0.328548994,8
77.625,-0.895576338,0.328548994,8
57.79166667,-0.880936993,0.328548994,8
30.75,-0.668177291,-1.042125361,8
80.41666667,-1.066369833,-1.880896235,8
61.04166667,-1.41674049,0.328548994,8
81.45833333,-1.466514497,0.328548994,8
43.20291667,-1.623644513,0.328548994,8
39.625,-1.073201378,0.328548994,8
40.45833333,-0.626210498,0.36356071,9
55.04166667,-0.784316477,-1.016312801,9
121.2916667,-1.175677866,-1.86071301,9
83.25,-1.518240722,0.36356071,9
100.8333333,-1.263514325,0.36356071,9
77.03625,-1.016595729,0.36356071,9
33.56166667,-1.714409251,0.36356071,9
51.52541667,-1.276201842,0.36356071,9
35.66666667,-1.101504398,-1.016312801,9
67.375,-1.570942813,-1.86071301,9
102.0833333,-0.84580194,0.36356071,9
79.75,-1.041970958,0.36356071,9
31.125,-1.033186999,0.36356071,9
59.16666667,-1.116143645,0.36356071,9
65.95833333,-1.06246608,0.36356071,9
27.70833333,-0.448585361,-1.016312801,9
59.875,-0.536421918,-1.86071301,9
37.58333333,-0.933638693,-1.86071301,9
24.58333333,-0.696479822,-1.86071301,9
61.625,-0.757965676,0.36356071,9
36.69583333,-0.937542739,0.36356071,9
42.76291667,-0.430042067,0.36356071,9
34.83333333,-0.588147948,-1.016312801,9
50.70833333,-0.382219888,-1.86071301,9
31.375,-0.954134108,0.36356071,9
22.70833333,-0.526662387,0.36356071,9
33.35875,-0.296335061,0.36356071,9
61.95833333,-0.420282634,0.36356071,9
39.5725,-0.745277964,0.36356071,9
26.25,-0.254368659,-1.016312801,9
25.41666667,-0.386123544,-1.668972377,10
26.125,-0.627187047,0.696172012,10
16.08333333,-0.316830476,0.696172012,10
33.5,-0.337325598,0.696172012,10
31.79166667,-0.464200571,0.696172012,10
50.125,-0.362700534,0.696172012,10
30.70833333,-0.873129193,-0.771093489,10
29.79166667,-0.46810452,-1.668972377,10
37.04166667,-0.700383771,-1.668972377,10
40.33333333,-0.941446786,0.696172012,10
18.8225,-0.24168124,0.696172012,10
25.25,0.062819261,0.696172012,10
25.25,-0.02013758,0.696172012,10
25.58333333,0.324377203,-0.771093489,10
15.16666667,0.58886313,-1.668972377,10
20.29166667,-0.128469552,0.696172012,10
43.71208333,-0.406618959,0.696172012,10
45.41666667,-0.317806731,0.696172012,10
28.79166667,-0.665249207,0.696172012,10
34.58333333,-0.351964943,0.696172012,10
18.875,-0.272912051,-0.771093489,10
16.66666667,-0.183123373,-1.668972377,10
21.33333333,-0.305118922,0.696172012,10
19.08333333,-0.150916794,0.696172012,10
28.54166667,-0.353916771,0.696172012,10
32.04166667,-0.120661946,0.696172012,10
26.83333333,-0.131397538,-1.668972377,10
18.41666667,-0.756989811,-0.771093489,10
22.20833333,-0.66134516,-1.668972377,10
13.58333333,-0.442729486,0.696172012,10
14.79166667,-0.5578931,0.696172012,10
31.04166667,-0.10797443,-1.638697541,11
40.41125,-0.355868891,0.748689586,11
30.875,-0.106998076,0.748689586,11
26,-0.322686155,-0.73237465,11
26.20291667,0.219948984,-1.638697541,11
22.45833333,0.208237723,0.748689586,11
23.23916667,0.188718271,0.748689586,11
24.78625,0.077458704,0.748689586,11
28.28083333,0.049155684,0.748689586,11
23.875,0.50883408,0.748689586,11
27.875,0.339992608,-0.73237465,11
15.29166667,0.727449852,-1.638697541,11
20.95666667,0.645176186,0.748689586,11
29.80625,0.062818968,0.748689586,11
20.83333333,-0.221186021,0.748689586,11
19.875,-0.033801254,0.748689586,11
32.36958333,-0.18995521,0.748689586,11
27.50375,-0.364652557,-0.73237465,11
26.06,0.237516706,-1.638697541,11
23.49458333,0.219949277,0.748689586,11
18.66666667,0.384886801,0.748689586,11
14.125,0.549824714,0.748689586,11
22.52916667,0.301637269,0.748689586,11
31.455,0.321449412,0.748689586,11
5.291666667,1.045613736,-0.73237465,11
6.25,0.88165198,-1.638697541,11
6.083333333,1.185176323,0.748689586,11
7.375,0.877748031,0.748689586,11
7.708333333,-0.066983893,0.748689586,11
6.083333333,0.839685578,0.748689586,11
6.625,1.125642688,0.346054852,12
19.45291667,1.110027282,-1.029219081,12
24.45833333,0.438564854,-1.870804622,12
22.91666667,1.658518297,0.346054852,12
26.05625,1.268133261,0.346054852,12
19.45291667,0.769416254,0.346054852,12
20.58333333,0.75087296,0.346054852,12
16,0.74404122,-1.870804622,12
10.91666667,0.751848923,-1.029219081,12
17.16666667,1.598008699,-1.870804622,12
13.20833333,1.058301252,0.346054852,12
19.99458333,0.673771897,0.346054852,12
9.41125,0.520545732,0.346054852,12
6.583333333,0.751848923,0.346054852,12
10.79166667,0.60252661,0.346054852,12
13.66666667,0.419045597,-1.029219081,12
15.91666667,0.245324311,-1.870804622,12
27.14333333,0.723546196,0.346054852,12
37.87,0.812358619,0.346054852,12
37.87,0.460036036,0.346054852,12
27.71041667,0.190670295,0.346054852,12
13.625,0.443444668,0.346054852,12
12.58333333,0.475651442,-1.029219081,12
11.33333333,0.229708515,-1.870804622,12
7,0.672795934,-1.870804622,12
8.708333333,0.797719176,0.346054852,12
11.86416667,0.503954364,0.346054852,12
10.04166667,1.224214934,0.346054852,12
12.25,0.766488366,0.346054852,12
10.91666667,0.873844277,-1.029219081,12
10.25,0.895315264,-1.870804622,12
8.791666667,0.292170429,-1.578147867,1
7.583333333,0.587887167,0.853724734,1
7.458333333,0.765512403,0.853724734,1
17.91666667,0.597646796,0.853724734,1
18.625,0.474675479,0.853724734,1
11.375,0.468819507,-0.654936972,1
9.208333333,1.650710692,-1.578147867,1
26.71583333,0.370345052,0.853724734,1
14.58333333,1.790273377,0.853724734,1
18.83333333,2.021576568,0.853724734,1
14.16666667,1.679013614,0.853724734,1
16.41666667,1.092459952,0.853724734,1
22.65583333,0.994278091,-0.654936972,1
30.99125,0.616385282,-1.578147867,1
15.29166667,1.107099394,0.853724734,1
8.833333333,1.152969647,0.853724734,1
11.20833333,0.997791557,0.853724734,1
15.95833333,1.680965539,0.853724734,1
18.45833333,2.333884674,0.853724734,1
13.125,2.378778964,-0.654936972,1
11.25,1.483821047,-1.578147867,1
22.75,0.88165198,0.853724734,1
18.08333333,1.116859022,0.853724734,1
24.70833333,0.99193578,0.853724734,1
26.28458333,1.16077735,0.853724734,1
14.375,0.428805226,0.853724734,1
11.70833333,0.851397132,-0.654936972,1
18.20833333,1.347186251,-1.578147867,1
11.79166667,1.287652518,0.853724734,1
10.625,1.225190897,0.853724734,1
27.25,1.288628481,0.853724734,1
26.08333333,1.928860099,1.028783314,2
15.66666667,1.824432076,1.028783314,2
14.91666667,2.09477378,-0.525874176,2
14.25,2.105509371,-1.477231745,2
14.125,2.127956516,1.028783314,2
11.82791667,1.149065796,1.028783314,2
11.95833333,1.089532063,1.028783314,2
11,1.021214665,1.028783314,2
10.95833333,0.299978132,1.028783314,2
12,0.797426387,-0.525874176,2
10.79166667,1.10221958,-1.477231745,2
20.79166667,1.688773242,1.028783314,2
22.20833333,1.597032736,1.028783314,2
20,1.48382095,1.028783314,2
10.54166667,1.625335658,1.028783314,2
9.708333333,1.420383463,1.028783314,2
9.916666667,1.518955709,-0.525874176,2
14.08333333,1.494556638,-1.477231745,2
25.91666667,0.863108686,1.028783314,2
25.25,0.820166224,1.028783314,2
19.45833333,0.121376933,1.028783314,2
18.36958333,0.815286507,1.028783314,2
15.04166667,1.503340304,1.028783314,2
14.83333333,1.620455844,-0.525874176,2
13.125,1.348162214,-1.477231745,2
13.41666667,1.535547077,1.028783314,2
13.16666667,1.256421707,1.028783314,2
14.5,0.943137638,1.028783314,2
16.20833333,1.467229679,0.941254024,3
17.58333333,1.349138176,0.941254024,3
14.20833333,1.173464867,-0.590405574,3
11,1.071964732,-1.527689806,3
11.625,1.047565564,0.941254024,3
19.41666667,1.665350134,0.941254024,3
11.49458333,1.826384001,0.941254024,3
10.91666667,1.071964732,0.941254024,3
20.70833333,-0.103094518,0.941254024,3
15.25,0.034515851,-0.590405574,3
15.625,0.277530987,-1.527689806,3
19.54166667,0.387814884,0.941254024,3
18.58333333,-0.067959954,0.941254024,3
17.08333333,0.322425179,0.941254024,3
23.29166667,-0.095286718,0.941254024,3
22.28625,0.252155953,0.941254024,3
22.5,0.136016181,-0.590405574,3
27.54166667,-0.306094885,-1.527689806,3
26.5,-0.07967141,0.941254024,3
30.66125,0.253132013,0.941254024,3
23.08333333,0.075506583,0.941254024,3
21.83333333,0.703050781,0.941254024,3
24.45833333,0.498098587,0.941254024,3
33.375,-0.076743521,-0.590405574,3
19.33333333,-0.094310755,-1.527689806,3
28.5,0.333160966,0.941254024,3
30.78625,0.375964646,0.941254024,3
28.70833333,0.624560923,0.941254024,3
29.625,0.452796832,0.941254024,3
29.5,0.429252314,-1.527689806,3
13.375,0.421395716,-1.527689806,3
15.58333333,0.375907064,-1.699247214,4
28.16666667,0.4408976,0.643654438,4
29.33333333,0.414564952,0.643654438,4
36.66666667,0.437339045,0.643654438,4
36.58333333,-0.43393567,0.643654438,4
43.41666667,-0.872764475,0.643654438,4
74.45833333,-0.710133738,-0.809812328,4
48.28458333,0.087135278,-1.699247214,4
17.20833333,0.457114004,0.643654438,4
27.26458333,0.028030968,0.643654438,4
56.34791667,-0.574366182,0.643654438,4
33.41666667,-0.724062777,0.643654438,4
100.4583333,-0.860939222,0.643654438,4
68.04166667,-0.061058628,-0.809812328,4
49.91666667,0.18278754,-1.699247214,4
58.5,0.353709473,0.643654438,4
63.5,-0.740619791,0.643654438,4
55.04166667,-0.421957483,0.643654438,4
30.08333333,0.355416724,0.643654438,4
39.54166667,0.434152526,0.643654438,4
24.54166667,0.572776335,-0.809812328,4
36.875,0.000596556,-1.699247214,4
32.20833333,-0.623251574,0.643654438,4
75.66666667,-0.713387988,0.643654438,4
53.66666667,-0.216582014,0.643654438,4
24.66666667,-0.009372222,0.643654438,4
81.95833333,-0.729984334,0.643654438,4
37.79166667,-0.820026664,-0.809812328,4
19.16666667,-0.595434389,-1.699247214,4
67.45833333,-0.784985207,0.643654438,4
63.41666667,0.079968782,-1.719430439,5
27,0.113936193,0.608642722,5
68.41666667,-0.593756514,0.608642722,5
33.04166667,-0.872573382,0.608642722,5
39.54166667,-0.080589498,-0.835624887,5
74.41666667,0.327369505,-1.719430439,5
81.29166667,0.366264551,0.608642722,5
36.83333333,0.526694298,0.608642722,5
67.28625,-0.059861902,0.608642722,5
58.54166667,-0.08631108,0.608642722,5
62.29166667,0.222258308,0.608642722,5
50.20833333,0.031953363,-0.835624887,5
20.16666667,0.153558332,-1.719430439,5
58.79166667,-0.499551604,0.608642722,5
96.20833333,-0.857526475,0.608642722,5
53.04166667,-0.983320276,0.608642722,5
37.61958333,-0.009424533,0.608642722,5
133.7916667,-0.413732069,0.608642722,5
39.875,-0.870473695,-0.835624887,5
83.95833333,-0.502362181,-1.719430439,5
107.625,-1.331485452,-1.719430439,5
104,-1.25495074,0.608642722,5
81.66666667,-1.390386175,0.608642722,5
110.7916667,-0.946435908,0.608642722,5
68.41666667,-0.507049828,0.608642722,5
139.5833333,-0.344200377,-0.835624887,5
86.375,-0.482108513,-1.719430439,5
39.91125,-0.258214636,0.608642722,5
84.9475,-0.66616671,0.608642722,5
80.08333333,-1.335032491,0.608642722,5
25.125,-1.21533553,0.608642722,5
36.125,-1.610409676,0.381066568,6
159.7916667,-2.07724065,-1.003406522,6
204.875,-1.948088325,-1.850621398,6
208.2083333,-1.586457694,0.381066568,6
89.16666667,-1.171778406,0.381066568,6
122.3333333,-1.410479786,0.381066568,6
57.91666667,-1.79405426,0.381066568,6
95.20833333,-1.088123166,0.381066568,6
87.33333333,-1.642422038,-1.003406522,6
81.20833333,-1.489485441,-1.850621398,6
33.25,-1.912008152,0.381066568,6
80.36416667,-1.429451918,0.381066568,6
30.03625,-2.183306495,0.381066568,6
48.78083333,-1.909522179,0.381066568,6
101.5416667,-1.108370491,0.381066568,6
111.0833333,-0.142987779,-1.003406522,6
75.41666667,0.03507742,-1.850621398,6
37.33333333,-0.198127923,0.381066568,6
61.95833333,-0.806336443,0.381066568,6
32.91666667,-1.526404066,0.381066568,6
50.08333333,-0.707467309,0.381066568,6
49.20833333,-0.581694394,0.381066568,6
94,-1.547391951,-1.003406522,6
75.625,-2.273694424,-1.850621398,6
20.45833333,-0.686743031,0.381066568,6
24.0725,-0.541004746,0.381066568,6
45.53625,-0.438707543,0.381066568,6
30.20833333,-0.847750645,0.381066568,6
19.29166667,-0.474584034,0.381066568,6
34.66666667,-1.498889526,-1.003406522,6
42.625,-1.688292388,-1.86071301,7
39.33333333,-1.220270974,-1.86071301,7
101.7808333,-1.34494476,0.36356071,7
68.66666667,-0.721511707,0.36356071,7
18.70833333,-0.137971526,0.36356071,7
65.66666667,-0.553066964,0.36356071,7
70.125,-0.349422169,-1.016312801,7
42.66666667,-0.609937489,-1.86071301,7
62.45833333,-1.40160721,0.36356071,7
81.58333333,-1.785200911,0.36356071,7
42.66666667,-0.889105704,0.36356071,7
32.20833333,-0.020646154,0.36356071,7
14.91125,0.029136734,0.36356071,7
35.95833333,-0.488114198,-1.016312801,7
85.375,-1.093973576,-1.86071301,7
69.125,-1.300334768,-1.86071301,7
69.66666667,-1.815163067,0.36356071,7
96.5,-1.652779443,0.36356071,7
135.7083333,-1.488809587,0.36356071,7
72.5,-1.842157692,0.36356071,7
61.625,-1.183425254,-1.016312801,7
89.375,-1.605003232,-1.86071301,7
60.66666667,-1.834056097,0.36356071,7
68.58333333,-1.626641207,0.36356071,7
40.83333333,-2.310257691,0.36356071,7
30.58333333,-2.086473317,0.36356071,7
99.54166667,-1.789199528,0.36356071,7
118.0416667,-1.232664531,-1.016312801,7
162.875,-1.156959289,-1.86071301,7
182.7916667,-1.846757326,0.36356071,7
180,-1.744946511,0.36356071,7
162.8333333,-1.58711845,0.398572426,8
64.58333333,-1.994710003,0.398572426,8
53.32791667,-0.735368525,0.398572426,8
18.66666667,-0.560469447,-0.990500242,8
20.125,-0.214668541,-1.840529786,8
49.75,-0.293118873,0.398572426,8
121.7916667,-1.096716324,0.398572426,8
82.75,-1.342905681,0.398572426,8
111.75,-1.172802094,0.398572426,8
64.375,-0.517427729,0.398572426,8
44.25,-0.616325752,-0.990500242,8
32.33333333,-0.312910716,-1.840529786,8
64.70833333,-0.721505559,0.398572426,8
93,-1.44512227,0.398572426,8
71.66666667,-1.427828794,-1.840529786,8
36.20833333,-0.936223335,0.398572426,8
44.70833333,-0.55734539,0.398572426,8
105.625,-1.485102392,-0.990500242,8
39.29166667,-1.411805368,-1.840529786,8
96.875,-1.148064364,0.398572426,8
104.1666667,-1.409081524,0.398572426,8
71.70833333,-0.912077624,0.398572426,8
87.78625,-1.101574179,0.398572426,8
48.79166667,-1.630233336,0.398572426,8
53.58333333,-1.078234711,-0.990500242,8
44.875,-0.42110742,-1.840529786,8
36.04166667,-0.285517489,0.398572426,8
15.95833333,-0.537534613,0.398572426,8
23.74458333,-1.150107639,0.398572426,8
38.20833333,-0.630099905,0.398572426,8
72.83333333,-0.362947745,0.398572426,8
48.16666667,-1.064587823,-0.990500242,9
34.5,-0.568813539,-1.840529786,9
53.74458333,-0.867690152,0.398572426,9
50,-0.514261511,0.398572426,9
32.125,-0.449761689,0.398572426,9
57.04166667,-0.78620516,0.398572426,9
91.875,-1.2604174,0.398572426,9
58.86958333,-0.869132039,-0.990500242,9
32.125,-0.251330292,-1.840529786,9
69.11958333,-0.585108019,0.398572426,9
61.33333333,-0.259655157,0.398572426,9
44.62333333,-1.187390884,0.398572426,9
34.09083333,-0.623991061,0.398572426,9
51.45833333,-0.580300524,0.398572426,9
41.29166667,-0.501744787,-0.990500242,9
10.79166667,-0.451626656,-1.840529786,9
32.33333333,-0.092702563,-1.840529786,9
24.20833333,-0.557438887,-1.840529786,9
15.66666667,-0.523650566,-1.840529786,9
14.625,-0.162400266,0.398572426,9
17.79166667,-0.071292769,0.398572426,9
20.83333333,-0.103154052,-0.990500242,9
29.91666667,-0.491799043,-1.840529786,9
22.25,-0.674945105,0.398572426,9
33.79166667,-0.491931579,0.398572426,9
41.99458333,-0.476117272,0.398572426,9
29.875,-0.317287129,0.398572426,9
19.625,-0.269719286,0.398572426,9
18.83333333,-0.71114015,-0.990500242,9
45.08333333,-1.466767857,-1.840529786,9
52,-1.469815398,0.53861929,10
71.16666667,-0.638295553,0.53861929,10
63.95291667,-0.971722031,0.53861929,10
22.25,-0.200280702,0.53861929,10
29.70833333,-0.0262474,0.53861929,10
26.875,-0.30847477,-0.887250005,10
18.91666667,-0.48294462,-1.759796888,10
28.75,-0.660577956,0.53861929,10
34.70833333,-0.973125368,0.53861929,10
25.375,-0.880405669,0.53861929,10
22.99458333,-0.542321711,0.53861929,10
47.625,-0.716887986,0.53861929,10
28.08333333,-0.717188485,-0.887250005,10
15.79166667,-0.152617312,-1.759796888,10
15.125,-0.127087588,-1.759796888,10
11.625,-0.459058515,0.53861929,10
33.11958333,-0.603653069,0.53861929,10
36.16666667,-0.289752387,0.53861929,10
23.45833333,0.017123705,0.53861929,10
24.41666667,-0.40140478,-0.887250005,10
32.70833333,-0.26183009,-1.759796888,10
21.83333333,-0.109045451,0.53861929,10
23.66666667,0.241475211,0.53861929,10
25.95833333,-0.249117394,0.53861929,10
21.86958333,-0.384424295,0.53861929,10
22.25,0.138762735,0.53861929,10
12.95833333,0.433696751,-0.887250005,10
7.583333333,0.451117688,-1.759796888,10
14.75,0.387359012,0.53861929,10
32.61958333,-0.313651472,0.53861929,10
18.91666667,-0.180936728,0.53861929,10
28.08333333,-0.570189256,-1.628605928,11
22.16125,-0.376681104,-1.628605928,11
17.70833333,0.045914804,-0.71946837,11
17.875,0.138632737,-1.628605928,11
39.33333333,-0.419596824,0.766195444,11
19.20291667,0.258671969,0.766195444,11
24.95833333,0.544682561,0.766195444,11
17.66666667,0.282466723,0.766195444,11
15.79166667,0.498749554,0.766195444,11
24.5,0.280882443,-0.71946837,11
19.41666667,0.445748916,-1.628605928,11
17.95833333,0.462321351,0.766195444,11
14.90583333,0.218033364,0.766195444,11
18.75,-0.05534622,0.766195444,11
23.625,-0.035195417,0.766195444,11
28.375,-0.478225449,0.766195444,11
16.125,-0.012581383,-0.71946837,11
18.08333333,0.236171634,-1.628605928,11
15.08333333,0.320333301,0.766195444,11
10.83333333,0.61034212,0.766195444,11
17.895,0.345896988,0.766195444,11
28.79166667,-0.174528849,0.766195444,11
14.70833333,0.508872533,0.766195444,11
13.08333333,0.63610139,-0.71946837,11
12.375,0.73987259,-1.628605928,11
15.91125,0.655265104,0.766195444,11
22.21208333,0.626945297,0.766195444,11
16.97291667,0.627533705,0.766195444,11
17.56708333,0.497695514,0.766195444,11
15.73916667,0.597989456,0.766195444,11
19.70833333,1.099258313,-0.629124413,12
14.41666667,1.725303628,-1.557964643,12
21.03625,1.362845672,0.88873645,12
23.99458333,1.113993595,0.88873645,12
22.5725,1.709700813,0.88873645,12
24.91666667,2.341481569,0.88873645,12
22.70833333,1.535216226,0.88873645,12
19.5,0.860766375,-1.557964643,12
15.90583333,0.766439567,-1.557964643,12
13.375,0.438888874,0.88873645,12
8.5,0.531466756,0.88873645,12
10.125,0.271427608,0.88873645,12
11.58333333,-0.184042534,0.88873645,12
11.45833333,0.297707749,0.88873645,12
12,0.209593531,-0.629124413,12
6.833333333,0.960324344,-1.557964643,12
16.08333333,0.917311222,0.88873645,12
17.125,1.138376758,0.88873645,12
29.97666667,0.62836913,0.88873645,12
37.87,1.157880692,0.88873645,12
37.87,1.181899137,0.88873645,12
21.15416667,0.964856715,-0.629124413,12
13.20833333,1.330708094,-1.557964643,12
9.958333333,1.699667915,0.88873645,12
8.625,1.633834342,-1.557964643,12
8.291666667,0.789690906,0.88873645,12
7.625,0.884501791,0.88873645,12
7.91125,0.592513231,0.88873645,12
13.20833333,0.376557055,-0.629124413,12
14.24458333,0.305467532,-1.557964643,12
13.29166667,0.3401878,0.88873645,12
10.54166667,0.594147969,-1.527689806,1
10.36958333,0.362604398,0.941254024,1
7.833333333,0.603291277,0.941254024,1
12.79166667,1.683920755,0.941254024,1
10.875,1.412368856,-0.590405574,1
9.875,0.624161754,-1.527689806,1
8.208333333,0.234750632,0.941254024,1
13.91666667,0.044043591,0.941254024,1
13.40583333,0.163650959,0.941254024,1
9.541666667,0.338473424,0.941254024,1
11,0.112131052,0.941254024,1
11.08333333,0.757388488,-0.590405574,1
10.45833333,1.240497898,-1.527689806,1
12.5,1.210457762,0.941254024,1
12.08333333,0.470573117,0.941254024,1
9.708333333,0.041927703,0.941254024,1
19,0.966045438,0.941254024,1
19.29166667,1.665030994,0.941254024,1
12.07791667,1.487532634,-0.590405574,1
6.25,0.508433057,-1.527689806,1
9.75,0.844371176,0.941254024,1
13.16666667,0.586511743,0.941254024,1
15.45833333,1.214017879,0.941254024,1
17.25,1.075004856,0.941254024,1
15.375,0.79187638,0.941254024,1
15.875,1.082112696,-0.590405574,1
9.166666667,0.762575047,-1.527689806,1
11.33333333,0.786628139,0.941254024,1
14.5,0.66768872,0.941254024,1
14.5,0.73120565,0.941254024,1
16.66666667,1.1236811,0.941254024,1
25.375,1.456762478,0.958759882,2
25.95833333,2.632008137,-0.577499295,2
29,3.129392955,-1.517598194,2
23.16666667,1.288702654,0.958759882,2
13.33333333,0.924994489,0.958759882,2
19.33333333,1.315224444,0.958759882,2
17.95833333,1.326790579,0.958759882,2
15.66666667,1.416103866,0.958759882,2
11.54166667,1.252916049,-0.577499295,2
12.125,0.48291524,-1.517598194,2
11.41666667,1.057717919,0.958759882,2
22.74458333,2.132040921,0.958759882,2
21.66125,1.273009172,0.958759882,2
22.35333333,1.749262442,0.958759882,2
19.24458333,2.617640988,0.958759882,2
16.125,0.96352355,-0.577499295,2
6.916666667,1.04193826,-1.517598194,2
5.083333333,0.876194396,0.958759882,2
5.541666667,0.600968973,0.958759882,2
11.83333333,0.477145933,0.958759882,2
12.41125,0.573449749,0.958759882,2
6.958333333,0.747775254,0.958759882,2
7.666666667,0.417159744,-0.577499295,2
10.04166667,0.067657011,-1.517598194,2
14.33333333,0.331401207,0.958759882,2
12.625,0.96382805,0.958759882,2
11.54166667,1.04090774,0.958759882,2
13.25,0.888239729,0.958759882,2
10.29166667,0.85912383,0.941254024,3
11.83333333,0.545145558,-0.590405574,3
10.08333333,0.458981118,-1.527689806,3
10.375,0.407229615,0.941254024,3
13.08333333,0.552715907,0.941254024,3
6.083333333,0.453607369,0.941254024,3
11.75,0.653784178,0.941254024,3
10.41666667,0.495840892,0.941254024,3
14.75,1.892792416,-0.590405574,3
19.25,1.038097846,-1.527689806,3
19.58333333,0.62599266,0.941254024,3
12.16666667,0.579100574,0.941254024,3
13.03625,0.791863399,0.941254024,3
12.125,0.490923113,0.941254024,3
11.29166667,1.162822968,0.941254024,3
10.33333333,1.246569363,-0.590405574,3
11.45833333,0.253314909,-1.527689806,3
17.95833333,-0.042495717,0.941254024,3
22.25,0.050217531,0.941254024,3
14.45833333,0.304133782,0.941254024,3
25,-0.030230109,0.941254024,3
10.58333333,0.573147201,0.941254024,3
14.79166667,0.642135085,-0.590405574,3
10.16666667,0.556612926,-1.527689806,3
15.04166667,0.597586286,0.941254024,3
24.20833333,1.333884853,0.941254024,3
27.58333333,0.708334059,0.941254024,3
22.20291667,0.214823423,0.941254024,3
26.58333333,-0.006747467,0.941254024,3
24.83333333,0.586297226,-0.590405574,3
7.458333333,0.253553532,-1.527689806,3
14.74458333,0.31600149,0.958759882,4
18.41666667,0.834935567,0.958759882,4
23.625,-0.362895726,0.958759882,4
69.91666667,-0.321698578,0.958759882,4
25.91666667,-0.303835531,0.958759882,4
34,-0.087789469,-0.577499295,4
53.62875,-0.080526158,-1.517598194,4
35.04916667,0.249213425,0.958759882,4
30.75,0.267704017,0.958759882,4
14.875,0.345429697,0.958759882,4
26.45833333,-0.086635978,0.958759882,4
67.04166667,-0.561585851,0.958759882,4
19.125,-0.368755505,-0.577499295,4
37.91666667,-0.256031212,-1.517598194,4
50.91125,-0.826803848,0.958759882,4
25.83333333,-0.534892877,0.958759882,4
18.375,0.152981538,0.958759882,4
49.75,-0.168803558,0.958759882,4
64.875,-0.397092098,-1.517598194,4
21.70833333,-0.14145991,-1.517598194,4
35.875,-0.19659693,-1.517598194,4
22.58333333,-0.346467734,0.958759882,4
33.375,5.50914E-05,0.958759882,4
60.11958333,-0.484141931,0.958759882,4
71.16666667,-0.225183369,0.958759882,4
74.04166667,-0.208019794,0.958759882,4
26,0.088995463,-0.577499295,4
25.79166667,0.168008535,-1.517598194,4
73.91666667,-0.555814397,0.958759882,4
59.98375,-0.876509928,0.958759882,4
12.53083333,0.144110036,-1.537781418,5
31.88958333,0.199215825,0.923748166,5
25.70833333,0.231360137,0.923748166,5
18,0.324145899,-0.603311854,5
30.5,0.233252529,-1.537781418,5
44.58333333,-0.212571587,0.923748166,5
36.5,-0.305173673,0.923748166,5
44.45833333,-0.277817338,0.923748166,5
62.20833333,-0.250331882,0.923748166,5
44.20833333,0.062726447,0.923748166,5
19.125,-0.012144542,-0.603311854,5
32.29166667,0.173840206,-1.537781418,5
51.625,-0.683381816,0.923748166,5
154.125,-1.092223381,0.923748166,5
142.75,-1.035936189,0.923748166,5
79.16666667,-0.428541524,0.923748166,5
42.41666667,-0.138849502,0.923748166,5
33.5,-0.72917282,-0.603311854,5
39.08333333,-0.47330523,-1.537781418,5
23.53625,-0.816214651,0.923748166,5
25.86958333,-1.195683054,-1.537781418,5
32.33333333,-1.321657701,0.923748166,5
25.82791667,-1.335555217,0.923748166,5
67.91666667,-1.279566474,0.923748166,5
41.54166667,-0.735057291,-0.603311854,5
117.25,-0.611136167,-1.537781418,5
68.125,-0.739264862,0.923748166,5
53.125,-0.731091954,0.923748166,5
46.82791667,-1.175539279,0.923748166,5
13.25,-0.030695643,0.923748166,5
29,-0.137141957,0.923748166,5
19.24458333,0.14573599,-0.577499295,6
34.41125,0.069729468,-1.517598194,6
36.04166667,0.112452729,0.958759882,6
12.78625,0.225762014,0.958759882,6
24.65041667,0.182057423,0.958759882,6
36.04166667,-0.417186391,0.958759882,6
25.98916667,-0.435828258,0.958759882,6
10.95833333,-0.21011909,-0.577499295,6
52.91666667,-0.576142239,-1.517598194,6
53.58333333,-1.435384894,0.958759882,6
58.79166667,-2.008850699,0.958759882,6
68.95833333,-1.733207467,0.958759882,6
105.0833333,-1.346374741,0.958759882,6
58.86958333,-1.349385294,0.958759882,6
37.25,-1.004756812,-0.577499295,6
137.6666667,-0.949820157,-1.517598194,6
129.0833333,-1.485880849,0.958759882,6
57.16666667,-0.579480617,0.958759882,6
86.33333333,-0.700185748,0.958759882,6
38.20833333,-1.187917611,0.958759882,6
17.78083333,-0.22130177,0.958759882,6
12.54166667,0.052160673,-0.577499295,6
21.11958333,-0.362620407,-1.517598194,6
61.70833333,-1.532990156,0.958759882,6
21.33333333,-0.887334527,0.958759882,6
25.91666667,-0.271729477,0.958759882,6
28.70833333,-0.641898125,0.958759882,6
27.41666667,-1.704068828,0.958759882,6
38.48916667,-1.736479714,-1.517598194,6
61.29166667,-1.723342727,-1.517598194,6
51.06541667,-1.827595877,0.993771598,7
52.95833333,-0.960561604,0.993771598,7
37.375,-0.788144789,0.993771598,7
83.70291667,-1.731212599,0.993771598,7
50.20833333,-1.539669411,0.993771598,7
46.25,-1.075194392,-0.551686735,7
93.08333333,-0.605938774,-1.497414969,7
38.33333333,-0.24406054,0.993771598,7
26.54166667,0.060743291,0.993771598,7
18.91666667,-0.29319695,0.993771598,7
26.645,-0.624507834,0.993771598,7
26.08333333,-0.595723274,0.993771598,7
15.25,-0.523887432,-0.551686735,7
85.24458333,-0.800229649,-1.497414969,7
76.29166667,-1.419869427,0.993771598,7
17.41666667,-1.027763574,-1.497414969,7
31.45833333,-0.356571682,0.993771598,7
33.875,-0.961072813,0.993771598,7
35.33333333,-0.915137853,0.993771598,7
56.95833333,-1.231184288,-0.551686735,7
49.04166667,-1.357981769,-1.497414969,7
61.625,-2.062538024,0.993771598,7
122.2916667,-1.946323015,0.993771598,7
79.375,-1.609132365,0.993771598,7
121.25,-1.530655067,0.993771598,7
111.8333333,-0.908039285,0.993771598,7
68.91666667,-1.310652842,-0.551686735,7
50.5,-0.947751506,-1.497414969,7
10.66666667,-0.230286874,0.993771598,7
15.99458333,-0.071933977,0.993771598,7
25.83333333,-0.606759852,0.993771598,7
45.5,-0.853037729,1.028783314,8
69.96583333,-1.437582859,1.028783314,8
70.86958333,-1.863319904,-0.525874176,8
44.375,-2.040300223,-1.477231745,8
22.20833333,-1.260552083,1.028783314,8
58.91666667,-1.027968624,1.028783314,8
63.16666667,-1.570657246,1.028783314,8
44.28625,-1.576597737,1.028783314,8
81.66666667,-1.828239119,1.028783314,8
24.54166667,-1.181893187,-0.525874176,8
53.33333333,-0.949505409,-1.477231745,8
82.125,-1.19286379,1.028783314,8
46.5,-1.288278309,1.028783314,8
145.8333333,-1.320332344,1.028783314,8
149.375,-0.90428866,-1.477231745,8
23.5,-0.687650677,1.028783314,8
32.625,-0.620966357,-0.525874176,8
41.625,-0.678345359,-1.477231745,8
60.08333333,-0.896114288,1.028783314,8
137.5,-1.005405827,1.028783314,8
63.20833333,-0.381204399,1.028783314,8
59.95291667,-0.934368518,1.028783314,8
38.91666667,-0.543295722,1.028783314,8
41.32791667,-0.428087408,-0.525874176,8
37.45833333,-0.687227011,-1.477231745,8
38.125,-0.437986209,1.028783314,8
37.53625,-0.918884965,1.028783314,8
30.0725,-0.728775018,1.028783314,8
42.33333333,-0.793638386,1.028783314,8
77,-0.933659579,1.028783314,8
79.33333333,-1.16654217,-0.525874176,8
144.0833333,-1.234436098,-1.467140132,9
42.41666667,-0.963768813,1.046289172,9
25.95833333,-0.815230393,1.046289172,9
51.16666667,-0.909153415,1.046289172,9
68.625,-1.15348652,1.046289172,9
74.45833333,-0.821132235,1.046289172,9
37.41666667,-0.816812428,-0.512967897,9
17.79166667,-1.062566311,-1.467140132,9
26,-0.599845643,1.046289172,9
29.08333333,-0.669538076,1.046289172,9
47.83333333,-0.842804798,1.046289172,9
37.33333333,-0.002550827,1.046289172,9
35.08333333,-0.089351692,1.046289172,9
22.41125,-0.703368363,-0.512967897,9
52.625,-1.20861056,-1.467140132,9
44.16666667,-1.1791764,1.046289172,9
50.08333333,-0.771186849,1.046289172,9
52.16666667,-1.096615312,-1.467140132,9
55.91666667,-1.549854013,-1.467140132,9
37,-1.347806449,-1.467140132,9
29.5,-0.641098031,-0.512967897,9
25.04166667,-0.43411476,-1.467140132,9
22.54166667,-0.072619688,1.046289172,9
12.79166667,0.676172375,1.046289172,9
11.83333333,0.854161059,1.046289172,9
15.70291667,0.918845923,1.046289172,9
14.24458333,-0.11925451,1.046289172,9
11.04166667,-0.22301478,-0.512967897,9
23.20833333,-0.547788469,-1.467140132,9
21.95833333,-1.017591992,1.046289172,9
33.54166667,-1.206815081,1.028783314,10
46.90583333,-1.139178378,1.028783314,10
25.75,-0.517268257,1.028783314,10
46.18666667,-0.736450575,1.028783314,10
31.95833333,-0.954873692,-0.525874176,10
23.9475,-0.42621922,-1.477231745,10
50.74458333,-0.500490968,1.028783314,10
49.54166667,-0.660363635,1.028783314,10
43.91666667,-0.053199687,1.028783314,10
15.70833333,-0.041711824,1.028783314,10
25.79166667,-0.076807154,1.028783314,10
16.375,-0.110323475,-1.477231745,10
16.70833333,-0.01435295,-1.477231745,10
39.33333333,0.356003669,1.028783314,10
36.79166667,-0.195274891,1.028783314,10
39.5,-0.358785556,1.028783314,10
32.04166667,-0.305802974,1.028783314,10
20.41125,0.333394514,1.028783314,10
15.04166667,0.390028661,-0.525874176,10
13,-0.305469488,-1.477231745,10
34.375,-0.417616303,1.028783314,10
21.25,-0.187376716,1.028783314,10
21.5,-0.276228763,1.028783314,10
25.375,-0.604267536,1.028783314,10
13.95833333,-0.007287077,1.028783314,10
27.625,-0.1242612,-0.525874176,10
21.08333333,-0.322805515,-1.477231745,10
12.95833333,-0.38263477,1.028783314,10
34.79166667,-0.369664516,1.028783314,10
36.15583333,-0.565400694,1.028783314,10
15.66666667,-0.369493137,-1.477231745,10
20.375,-0.061666945,-1.436865296,11
26.5,-0.300856404,-0.474249058,11
18.04166667,-0.506897383,-1.436865296,11
29.5,-0.320209649,1.098806746,11
28.83333333,-0.448244847,1.098806746,11
19.54166667,-0.31951857,1.098806746,11
19.70833333,0.618596033,1.098806746,11
18,0.703988096,1.098806746,11
12.95833333,1.228866568,-0.474249058,11
9.291666667,1.804370184,-1.436865296,11
11.41125,1.275968291,1.098806746,11
8.5,0.315685278,1.098806746,11
13.125,0.392678595,1.098806746,11
20.70833333,0.554298821,1.098806746,11
15.83333333,0.587976956,1.098806746,11
14.25,0.33978219,-0.474249058,11
20.75,0.637572459,-1.436865296,11
12.83333333,0.569603772,1.098806746,11
23.79166667,0.234394893,1.098806746,11
12.45833333,0.371649817,1.098806746,11
11.125,0.772060333,1.098806746,11
12.5,1.378359187,1.098806746,11
14.79166667,0.634073632,-0.474249058,11
13.25,0.375272688,-1.436865296,11
13.54166667,-0.278301708,1.098806746,11
12.125,-0.338139063,1.098806746,11
19.28083333,0.054470192,1.098806746,11
14.45833333,-0.03031209,1.098806746,11
17.75,0.217533672,1.098806746,11
11.66666667,0.582600377,-0.474249058,11
7.25,1.391950445,-1.406590459,12
10.91666667,0.983510293,1.15132432,12
16,0.631659979,1.15132432,12
20.83166667,1.215492754,1.15132432,12
29.83541667,1.206972598,1.15132432,12
10.95833333,1.096299389,1.15132432,12
10.61958333,1.273649403,-0.435530219,12
5.708333333,1.244147999,-1.406590459,12
10.20833333,0.743950456,1.15132432,12
9.208333333,0.609203659,1.15132432,12
10.625,0.566107873,1.15132432,12
8.916666667,0.350535642,1.15132432,12
10.91666667,0.57075902,1.15132432,12
11.625,0.3949318,-0.435530219,12
10.75,0.343298975,-1.406590459,12
12.375,0.771592749,1.15132432,12
12,0.697308021,1.15132432,12
4.791666667,0.583601714,1.15132432,12
13.33333333,0.383488051,1.15132432,12
14.4475,0.614139494,1.15132432,12
8.333333333,1.012171491,-0.435530219,12
7.083333333,1.140258707,-1.406590459,12
22.01833333,0.986644109,1.15132432,12
37.87,0.640595602,1.15132432,12
37.87,0.367992298,-1.406590459,12
26.2575,0.661336178,1.15132432,12
16.19208333,0.411949469,1.15132432,12
8.916666667,1.175245999,-0.435530219,12
14.04166667,1.215041859,-1.406590459,12
13.04166667,1.603560951,1.15132432,12
14.66666667,1.928948911,1.15132432,12
11.16666667,1.845603637,-1.446956908,1
11.125,2.077192786,1.081300888,1
7.541666667,1.808354064,1.081300888,1
11.625,1.400492365,-0.487155337,1
9,0.502792968,-1.446956908,1
12.20833333,0.519756178,1.081300888,1
10.78625,0.616749316,1.081300888,1
12.75,0.286434696,1.081300888,1
10.33333333,0.267966551,1.081300888,1
9,0.76437443,1.081300888,1
7.125,1.525251645,-0.487155337,1
6.541666667,1.737424989,-1.446956908,1
10.29166667,0.981542752,1.081300888,1
9.666666667,0.779304709,1.081300888,1
12.41666667,0.31298391,1.081300888,1
21.33333333,0.653984933,1.081300888,1
16.5,1.752092735,1.081300888,1
14.58333333,1.866085193,-0.487155337,1
17.41666667,1.512187407,-1.446956908,1
16.32791667,1.744052753,1.081300888,1
22.66666667,2.351222654,1.081300888,1
16.70833333,2.422402551,1.081300888,1
10.66666667,1.681763877,1.081300888,1
11.66666667,1.320606879,1.081300888,1
12.125,1.34924358,-0.487155337,1
7.5,1.755194344,-1.446956908,1
13.41666667,1.467490261,1.081300888,1
13.95833333,1.383860982,1.081300888,1
19.66666667,0.950353517,1.081300888,1
13.75,1.204351358,1.081300888,1
6.375,1.534033359,1.081300888,1
6.666666667,0.980344269,-0.551686735,2
10.20833333,0.851560118,-1.497414969,2
15.875,0.742235689,0.993771598,2
10.98375,0.523516855,0.993771598,2
8.5,0.354427586,0.993771598,2
8.5,0.292727411,0.993771598,2
11.66666667,0.930809764,0.993771598,2
11.5,1.951231119,-0.551686735,2
9.958333333,2.451531138,-1.497414969,2
12.75,2.087307664,0.993771598,2
13.16666667,1.51016326,0.993771598,2
12.875,0.980406731,0.993771598,2
11.08333333,0.441130563,0.993771598,2
9.291666667,0.268033697,0.993771598,2
8.5,0.946065527,-0.551686735,2
8.125,0.950705254,-1.497414969,2
13.75,0.698716531,0.993771598,2
8.708333333,0.677718983,0.993771598,2
18.45833333,0.830999509,0.993771598,2
24.125,1.426579851,0.993771598,2
26.41666667,2.305875517,0.993771598,2
27.27541667,0.643625381,-0.551686735,2
18.125,0.858782243,-1.497414969,2
12.54166667,0.390579982,0.993771598,2
11.45833333,0.779395084,0.993771598,2
14.95833333,0.999637103,0.993771598,2
13.25,1.800495611,0.993771598,2
12.45833333,1.748391884,0.993771598,2
13.58333333,2.037834157,-0.551686735,2
10,1.704877605,-1.507506581,3
17.16666667,1.72269771,0.97626574,3
16.625,1.189357445,0.97626574,3
17.65041667,1.26854707,0.97626574,3
14.95833333,1.846040869,0.97626574,3
14,0.953222262,0.97626574,3
12.75,0.614238164,-0.564593015,3
12.45833333,0.790756755,-1.507506581,3
12.24458333,0.828178976,0.97626574,3
17.75,0.78922869,0.97626574,3
6.625,1.185714176,0.97626574,3
11.5,0.70486412,0.97626574,3
10.375,0.762244294,0.97626574,3
9.083333333,0.41368317,-0.564593015,3
9.833333333,1.051743758,-1.507506581,3
13.45833333,0.626485912,0.97626574,3
13.28083333,0.952098929,0.97626574,3
12.08333333,0.573076931,0.97626574,3
16.75,0.946497585,0.97626574,3
7.369583333,1.030656129,0.97626574,3
8.25,0.640415439,-0.564593015,3
14.29166667,0.925114533,-1.507506581,3
20.04166667,0.778697661,0.97626574,3
9.5,1.141062901,0.97626574,3
9.166666667,1.522632161,0.97626574,3
12.375,1.465405605,0.97626574,3
9.791666667,0.722699841,0.97626574,3
18.29166667,0.346834107,-0.564593015,3
13.375,0.147552745,-1.507506581,3
13.20833333,0.509296589,0.97626574,3
14.91666667,0.384542871,0.97626574,3
21.125,0.264409166,0.941254024,4
11.04166667,0.865133809,0.941254024,4
10.20833333,0.522483018,0.941254024,4
18.29166667,0.083648553,-0.590405574,4
32.91666667,-0.26841579,-1.527689806,4
21.20833333,-0.454392632,0.941254024,4
16.95833333,0.408676773,0.941254024,4
44.77,0.2155836,0.941254024,4
49.04166667,0.047164329,0.941254024,4
38.70833333,0.114245475,-1.527689806,4
34.91125,-0.091580108,-1.527689806,4
51.66666667,-0.691947646,-1.527689806,4
61.45833333,-0.799134326,0.941254024,4
71.95833333,-0.590939885,0.941254024,4
36.45833333,-0.24897461,0.941254024,4
37.04166667,0.422649828,0.941254024,4
25.375,0.59827922,0.941254024,4
19.125,0.879244279,-0.590405574,4
41.25,0.37448411,-1.527689806,4
33.45833333,-0.144229887,0.941254024,4
73.25,-0.436999315,0.941254024,4
93.625,-0.442592754,0.941254024,4
68.20833333,-0.132517162,0.941254024,4
26.375,0.344327835,0.941254024,4
40.125,0.369077276,-0.590405574,4
41.375,-0.127317427,-1.527689806,4
26.625,0.370921846,0.941254024,4
63.74458333,0.058534687,0.941254024,4
47.375,-0.387694454,0.941254024,4
26.04166667,0.159142791,0.941254024,4
52.83333333,-0.101337687,-1.578147867,5
27.66666667,0.039736667,-0.654936972,5
17.875,0.034108289,-1.578147867,5
72.83333333,0.120073828,0.853724734,5
69.95291667,-0.709967824,0.853724734,5
45.5,-0.430581384,0.853724734,5
81.375,-0.106401763,0.853724734,5
47.875,0.129555502,0.853724734,5
20,0.26782894,-0.654936972,5
34.33333333,-0.135810939,-1.578147867,5
82.375,-0.653124723,0.853724734,5
54.29166667,-0.935560852,0.853724734,5
32.5,-0.563317111,0.853724734,5
22.07791667,0.061037055,0.853724734,5
14.29166667,0.682955707,0.853724734,5
49.91666667,0.502175183,-0.654936972,5
58.41666667,-0.111479015,-1.578147867,5
41.875,0.098754115,0.853724734,5
36.45833333,-0.484102307,0.853724734,5
47.125,-1.043809281,0.853724734,5
44.45833333,-0.891854894,-1.578147867,5
120.0833333,-1.534241535,0.853724734,5
63.95833333,-1.335372712,-0.654936972,5
76.54166667,0.332775363,-1.578147867,5
45.95833333,-0.087654688,0.853724734,5
43.41666667,-0.254581224,0.853724734,5
118.0833333,-0.592151933,0.853724734,5
136.6666667,-1.301904897,0.853724734,5
37.06708333,-1.208712158,0.853724734,5
70.25916667,-1.408406451,-0.654936972,5
57.29166667,-0.940932258,-1.578147867,5
72.83333333,-0.886121015,0.80120716,6
26.5,-0.430713236,0.80120716,6
85.20833333,-0.896505649,0.80120716,6
44.29166667,-1.728751806,0.80120716,6
23.875,-0.615848994,0.80120716,6
71.625,-0.877659807,-0.693655811,6
29.54166667,-0.933254261,-1.608422704,6
41.86958333,-0.627732024,0.80120716,6
14.48916667,-0.749327526,0.80120716,6
9.041666667,-0.324037473,0.80120716,6
22.33333333,-0.228414001,0.80120716,6
70.58333333,-1.207698133,0.80120716,6
125.5,-1.372077698,-0.693655811,6
45.79166667,-1.831367369,-1.608422704,6
46.33333333,-1.29077365,0.80120716,6
52.82791667,-0.380873742,0.80120716,6
23.08333333,-0.41552013,0.80120716,6
21,-0.088217428,0.80120716,6
22.04166667,-0.395883075,0.80120716,6
45.95833333,-0.812875004,-1.608422704,6
62.20833333,-1.135623375,-1.608422704,6
28.79166667,-0.684007212,0.80120716,6
34.29166667,-1.245795525,0.80120716,6
61.08333333,-1.377570319,0.80120716,6
54.75,-1.421390075,0.80120716,6
36.79166667,-1.30899839,0.80120716,6
41.03083333,-0.80983732,-0.693655811,6
39.10541667,-0.598417126,-1.608422704,6
44.43875,-1.038513414,-1.608422704,6
30.04166667,-0.780274625,0.80120716,6
29.58333333,-0.452186663,0.80120716,7
29.625,-0.690008896,0.80120716,7
49.28625,-1.026095653,0.80120716,7
67.875,-1.356999853,-0.693655811,7
58.29166667,-1.67605196,-1.608422704,7
37.125,-1.932487073,0.80120716,7
45.28625,-1.889781184,0.80120716,7
51.74458333,-1.547049876,0.80120716,7
17.16666667,-0.373284265,0.80120716,7
32.95833333,-0.986437404,0.80120716,7
39.20833333,-0.931162773,-0.693655811,7
55.33333333,-1.253329177,-1.608422704,7
67.5,-2.408093118,0.80120716,7
72.04166667,-1.882939977,0.80120716,7
98.25,-0.695027102,0.80120716,7
46.04166667,-0.459261808,-1.608422704,7
18.75,-0.36622454,0.80120716,7
24.54166667,-0.16559469,-0.693655811,7
52.25,-0.576752508,-1.608422704,7
145.7083333,-1.069400198,0.80120716,7
126.625,-1.062805324,0.80120716,7
76.45833333,-1.088094961,0.80120716,7
69.16666667,-1.337677546,0.80120716,7
59.45833333,-1.638664093,0.80120716,7
25.125,-0.519178802,-0.693655811,7
85.75,-0.742520674,-1.608422704,7
71.25,-1.884280267,0.80120716,7
90.29166667,-1.717959902,0.80120716,7
70.86958333,-2.04209697,0.80120716,7
39.91666667,-1.26453001,0.80120716,7
79.18666667,-0.632831333,0.80120716,7
40.78083333,-0.497609242,-0.667843252,8
61.5,-0.390035691,-1.588239479,8
106.8333333,-0.528380179,0.836218876,8
79.20833333,-0.869234027,0.836218876,8
65.5725,-0.933353126,0.836218876,8
72.41666667,-1.534186881,0.836218876,8
83.66666667,-1.60195452,0.836218876,8
22.91666667,-0.942804838,-0.667843252,8
18.875,-0.759654775,-1.588239479,8
71.08333333,-1.33941515,0.836218876,8
82.4475,-1.593806596,0.836218876,8
52.91666667,-1.126532476,0.836218876,8
27.5,-0.781215453,0.836218876,8
41.875,-1.604949711,0.836218876,8
96.625,-1.582796481,-1.588239479,8
45.16666667,-0.757180221,-1.588239479,8
43.45833333,-1.376831418,0.836218876,8
124.0925,-1.357766179,0.836218876,8
50.70833333,-1.674506074,0.836218876,8
22.83333333,-0.922925744,0.836218876,8
31.04166667,-0.950650018,0.836218876,8
67,-1.117986165,-0.667843252,8
43.625,-1.167584401,-1.588239479,8
64.75,-0.509926088,0.836218876,8
43.49458333,-0.337405431,0.836218876,8
30.20833333,-0.576262282,0.836218876,8
19.16666667,-0.665973859,0.836218876,8
46.91666667,-1.667427181,0.836218876,8
96.79166667,-2.093468414,-0.667843252,8
33.91666667,-1.569051671,-1.588239479,8
20.83333333,-0.424626742,0.836218876,8
53.875,-0.700911767,0.853724734,9
46.95833333,-0.809622022,0.853724734,9
34.54166667,-0.805035095,0.853724734,9
46.29166667,-1.182636285,0.853724734,9
86.625,-1.173395186,-0.654936972,9
63.66666667,-0.770578434,-1.578147867,9
32.04166667,-0.67458029,0.853724734,9
26.45833333,-0.522132456,0.853724734,9
30.54166667,-0.640891907,0.853724734,9
37.91666667,-0.477025698,0.853724734,9
28,-0.968739977,0.853724734,9
26.625,-0.524492919,-0.654936972,9
50.54166667,-0.83627547,-1.578147867,9
36.5,-0.426602481,0.853724734,9
40.375,-0.662205862,0.853724734,9
25.16666667,-0.775133057,0.853724734,9
38.08333333,-0.536991783,0.853724734,9
46.08333333,-0.58949019,-1.578147867,9
25.33333333,-0.683131188,-1.578147867,9
36.25,-0.21278503,-1.578147867,9
36.5,-0.747191241,0.853724734,9
38.25,-0.618263428,0.853724734,9
26.36958333,-0.532140564,0.853724734,9
30.25,-0.342455649,0.853724734,9
21.875,-0.432403116,0.853724734,9
41.83333333,-0.225922271,-0.654936972,9
43.08333333,-0.418345055,-1.578147867,9
41.04166667,-0.816582589,0.853724734,9
14.04166667,-0.672838684,0.853724734,9
32.625,-1.154525433,0.853724734,9
31.25,-1.145105537,0.80120716,10
28.58333333,-1.01038031,0.80120716,10
17.66666667,-0.531304554,-0.693655811,10
29.70833333,-0.855593483,-1.608422704,10
24.16666667,-1.030803698,0.80120716,10
20.33333333,-0.594425536,0.80120716,10
23.41666667,-0.616779379,0.80120716,10
18.04166667,-0.337616532,0.80120716,10
14,-0.127367299,0.80120716,10
27.875,-0.089521803,-0.693655811,10
27.70833333,0.19179636,-1.608422704,10
15.20833333,-0.09704755,-1.608422704,10
31.79166667,-0.12821424,0.80120716,10
26.04166667,0.578937881,0.80120716,10
29.875,0.62464183,0.80120716,10
31.16125,-0.158400965,0.80120716,10
14.875,-0.299875757,-0.693655811,10
19.54166667,-0.275676563,-1.608422704,10
28.36416667,-0.35420546,0.80120716,10
17.20833333,-0.134840051,0.80120716,10
18.04166667,-0.301264747,0.80120716,10
21,-0.06245523,0.80120716,10
19.83333333,-0.357964674,0.80120716,10
19.16666667,-0.305908866,-0.693655811,10
21.66666667,-0.52252167,-1.608422704,10
21.375,-0.803240299,0.80120716,10
21.54166667,-0.650464541,0.80120716,10
31.11958333,-0.352028283,0.80120716,10
21.29166667,0.051066229,0.80120716,10
13.95833333,0.684849855,0.80120716,10
10.91666667,1.600820447,-1.608422704,10
13.91666667,0.151686533,-1.628605928,11
20.5,-0.008348046,0.766195444,11
23.25,0.191007002,0.766195444,11
20.83333333,0.077435183,0.766195444,11
17.11958333,0.123016258,0.766195444,11
9.75,0.588206014,0.766195444,11
11.125,0.772916642,-0.71946837,11
11.08333333,0.889638186,-1.628605928,11
14,0.984329125,0.766195444,11
20.6975,1.100857136,0.766195444,11
10.83333333,0.095532462,0.766195444,11
7.75,0.351231796,0.766195444,11
14,-0.033283799,0.766195444,11
15.625,-0.127363102,-0.71946837,11
12.41666667,0.36341962,-1.628605928,11
11.66666667,0.752052509,0.766195444,11
14.33333333,0.922226659,0.766195444,11
11.45833333,0.416803811,0.766195444,11
16.23916667,0.03867072,0.766195444,11
7.416666667,0.437341973,0.766195444,11
10.625,0.246823292,-0.71946837,11
14.41666667,0.126044085,-1.628605928,11
14.95833333,0.201692526,0.766195444,11
9.666666667,0.242123055,0.766195444,11
19.95291667,0.169756192,0.766195444,11
18.41666667,-0.216405462,0.766195444,11
10.54166667,-0.025338486,0.766195444,11
17.70833333,0.071868779,-0.71946837,11
15.91666667,0.0010982,-1.628605928,11
10.33333333,0.656798244,0.766195444,11
11.53083333,0.209635692,0.818713018,12
12.95833333,0.422458637,0.818713018,12
12.95291667,0.589994759,0.818713018,12
16.625,0.960741958,0.818713018,12
13.70833333,1.480450072,-0.680749532,12
10.95833333,1.005867356,-1.598331092,12
8.083333333,0.199450056,0.818713018,12
16.8225,0.678520932,-1.598331092,12
10.125,0.610928479,0.818713018,12
17.70833333,0.026267111,0.818713018,12
16.66666667,0.100090208,0.818713018,12
25.74666667,0.005535025,-0.680749532,12
37.87,0.248591737,-1.598331092,12
37.87,0.381281399,0.818713018,12
37.87,0.28261995,0.818713018,12
30.04375,0.699123019,0.818713018,12
15.41666667,1.210221286,0.818713018,12
13.66666667,0.694452549,0.818713018,12
9.791666667,0.532404656,-0.680749532,12
8.083333333,0.608182705,-1.598331092,12
11.875,1.158592755,0.818713018,12
14.16666667,1.024772049,0.818713018,12
13.54166667,0.749115251,0.818713018,12
13.70833333,0.74462348,0.818713018,12
10.58333333,1.421163257,-1.598331092,12
9.708333333,1.824779518,-0.680749532,12
8.125,1.200419984,-1.598331092,12
9.333333333,1.313134907,0.818713018,12
12.04166667,0.686638795,0.818713018,12
11.25,0.267905065,0.818713018,12
15.125,1.154162762,0.818713018,12
12.33333333,1.472241248,-1.608422704,1
13.29166667,1.431798324,-0.693655811,1
13.70833333,1.600108971,-1.608422704,1
17.49458333,1.203809503,0.80120716,1
20.75,1.83976738,0.80120716,1
13.58333333,1.455139452,0.80120716,1
13.95833333,1.251727326,0.80120716,1
16.16666667,0.776552201,0.80120716,1
14.91666667,0.371419587,-0.693655811,1
12.125,0.083984967,-1.608422704,1
9.625,0.20772056,0.80120716,1
10.875,0.479631418,0.80120716,1
10.66666667,0.664173692,0.80120716,1
12.79166667,0.281450551,0.80120716,1
10.625,0.610450452,0.80120716,1
8.708333333,0.604036131,-0.693655811,1
7.375,1.192570022,-1.608422704,1
8.791666667,2.218552218,0.80120716,1
11.625,2.56695143,0.80120716,1
13.75,2.570361444,0.80120716,1
12.5,2.511701198,0.80120716,1
13,2.636321892,0.80120716,1
10.16666667,2.324998532,-0.693655811,1
12.16666667,1.401883112,-1.608422704,1
12.79166667,0.789682513,0.80120716,1
13.45833333,0.788715041,0.80120716,1
8.625,0.468396134,0.80120716,1
10.25,0.376715161,0.80120716,1
6.791666667,1.155147996,0.80120716,1
10.04166667,1.145440094,-0.693655811,1
10.375,1.400353778,-1.608422704,1
11.58333333,1.663031246,0.80120716,2
18.79166667,1.990842522,0.80120716,2
18.16666667,2.495832043,0.80120716,2
21.91666667,3.239344927,0.80120716,2
14.04166667,1.69771111,0.80120716,2
8.208333333,0.986010709,-0.693655811,2
8.958333333,0.926136366,-1.608422704,2
14.58333333,1.766648244,0.80120716,2
20,2.499106398,0.80120716,2
22.70833333,2.49727354,0.80120716,2
10.66666667,1.284564572,0.80120716,2
19.25,1.538487653,0.80120716,2
18.25,1.07017872,-0.693655811,2
12.33333333,1.085525736,-1.608422704,2
14.54166667,0.862573078,0.80120716,2
13.625,0.288970637,0.80120716,2
22.4875,0.594814551,0.80120716,2
8.833333333,0.442195533,0.80120716,2
10.25,0.080078383,0.80120716,2
9.625,0.691057077,-0.693655811,2
7.75,0.182650808,-1.608422704,2
9.666666667,0.711683173,0.80120716,2
19.29166667,0.966345254,0.80120716,2
19.99458333,1.944138797,0.80120716,2
10,1.523531999,0.80120716,2
7.958333333,0.467268897,0.80120716,2
8.333333333,0.761301709,-0.693655811,2
7.291666667,1.453825806,-1.608422704,2
12.16666667,2.418286916,0.818713018,3
18.625,2.178679257,0.818713018,3
14.83333333,1.430221168,0.818713018,3
17.83333333,2.261941574,0.818713018,3
16.0725,1.631286103,0.818713018,3
10.32791667,1.009639746,-0.680749532,3
27.54375,1.169118904,-1.598331092,3
11,1.167221632,0.818713018,3
8.875,0.842155837,0.818713018,3
14.66666667,0.789765079,0.818713018,3
18.0725,0.380666445,0.818713018,3
9.416666667,0.898712786,0.818713018,3
10,0.937448751,-0.680749532,3
10.08333333,0.672526568,-1.598331092,3
12.79166667,0.368029092,0.818713018,3
10.95833333,0.83165926,0.818713018,3
12.04166667,0.923411965,0.818713018,3
12.20833333,0.458331322,0.818713018,3
19.04166667,0.196244604,0.818713018,3
12.375,0.584785557,-0.680749532,3
9,1.138994543,-1.598331092,3
13.41666667,0.491128455,0.818713018,3
12.79166667,0.172516996,0.818713018,3
20,0.266995565,0.818713018,3
27.24458333,-0.036731192,0.818713018,3
18.66666667,0.551460428,0.818713018,3
13.20833333,0.780599422,-0.680749532,3
8.958333333,1.206153766,-1.598331092,3
13.33333333,0.963401554,0.818713018,3
15.79166667,0.853823376,0.818713018,3
15.08333333,1.141932483,0.818713018,3
11.58333333,0.546886969,0.818713018,4
15.04166667,0.67718679,-1.598331092,4
11.45833333,0.416604617,-1.598331092,4
19.16666667,-0.016061471,-1.598331092,4
29.04166667,0.531727338,0.818713018,4
13.83333333,0.405061026,0.818713018,4
13.6975,0.504120277,0.818713018,4
16.04166667,0.20679808,0.818713018,4
32.29166667,0.096427322,0.818713018,4
23.875,-0.239554812,-0.680749532,4
26.66666667,0.198999161,-1.598331092,4
25.5,0.605319815,0.818713018,4
22.70291667,0.867852061,0.818713018,4
17,0.813945534,0.818713018,4
19.54166667,0.193444274,0.818713018,4
21.625,-0.116104493,0.818713018,4
45.875,0.087145037,-0.680749532,4
38.8425,0.094820009,-1.598331092,4
18.75,0.453302869,0.818713018,4
32.23916667,-0.342546999,0.818713018,4
26.125,-0.147245027,0.818713018,4
31.33333333,-0.32190558,0.818713018,4
34.95833333,-0.115945313,0.818713018,4
94.16666667,-0.491963688,-0.680749532,4
52.875,-0.336029226,-1.598331092,4
65.875,-0.267722759,0.818713018,4
29.66666667,-0.16088889,0.818713018,4
36.04166667,0.666443392,0.818713018,4
34.25,0.049164468,0.818713018,4
33.33333333,0.178336076,0.818713018,4
13.20833333,0.14447407,-1.598331092,5
50.83333333,-0.247301712,-1.598331092,5
37.95833333,-0.728447973,0.818713018,5
20.45291667,-0.555876761,0.818713018,5
36.58333333,-1.151934056,0.818713018,5
57.16666667,-1.469105385,0.818713018,5
54,-1.234543064,0.818713018,5
75.625,-0.281009907,-0.680749532,5
44.75,-0.67232523,-1.598331092,5
25.5,-0.572045147,0.818713018,5
96.125,-1.432120688,0.818713018,5
87.98916667,-0.969783086,0.818713018,5
68.54166667,-0.669411884,0.818713018,5
42.91666667,-0.303176853,0.818713018,5
55.79166667,-0.505971194,-0.680749532,5
45.20833333,-1.000918447,-1.598331092,5
108.5,-1.050243804,0.818713018,5
38.95833333,-0.765879563,0.818713018,5
17,-0.023410081,0.818713018,5
16.33333333,-0.478546346,0.818713018,5
42.91666667,-0.718178794,-1.598331092,5
30.58333333,-0.655497679,-0.680749532,5
32.11625,-0.322906332,-1.598331092,5
44.46583333,-0.063471403,0.818713018,5
45.45833333,-0.400354546,0.818713018,5
15.75,0.227904253,0.818713018,5
26.02,0.215693982,0.818713018,5
81.91666667,-0.426238642,0.818713018,5
61.29166667,-0.982458891,-0.680749532,5
24.58333333,-0.608452367,-1.598331092,5
11.5,0.365073877,0.818713018,5
29.82791667,0.003111124,0.818713018,6
32.54166667,-0.528174837,0.818713018,6
31.83333333,0.199668672,0.818713018,6
59.79166667,-0.644858611,0.818713018,6
48.91666667,-1.417003414,-0.680749532,6
23.75,-1.596310429,-1.598331092,6
24.25,-0.592000659,0.818713018,6
21.375,-0.055408193,0.818713018,6
31.37708333,-0.205829929,0.818713018,6
36.51291667,-0.310935855,0.818713018,6
26.875,-0.307396136,0.818713018,6
13.91666667,-0.031106523,-0.680749532,6
38.04166667,-1.152144279,-1.598331092,6
28.90583333,-1.656251919,0.818713018,6
28.625,-1.120837929,0.818713018,6
163.75,-2.009579738,0.818713018,6
135.125,-1.806705588,0.818713018,6
123.25,-2.124090653,0.818713018,6
156.4166667,-2.01648673,-0.680749532,6
60.91666667,-2.026996815,-1.598331092,6
58.70833333,-0.611331945,0.818713018,6
97.45833333,-0.701726013,0.818713018,6
36.79166667,-0.599978569,0.818713018,6
51.61416667,-0.835851902,0.818713018,6
94.875,-1.499094381,0.818713018,6
55.75,-2.251787465,-0.680749532,6
32.08333333,-1.97412194,-1.598331092,6
57.75,-2.505149263,0.818713018,6
78.70833333,-2.50303793,0.818713018,6
47.41666667,-1.564106291,0.818713018,6
81.99458333,-1.055068379,0.818713018,7
40.20833333,-1.155579765,0.818713018,7
56.08333333,-0.771839378,-0.680749532,7
31.875,-1.049832143,-1.598331092,7
25.25,-0.912635973,0.818713018,7
20.29166667,-0.813053996,0.818713018,7
25.91666667,-0.69678647,0.818713018,7
23.39875,-0.396405117,0.818713018,7
48.92958333,-0.36042332,0.818713018,7
57.33333333,-1.312143137,-0.680749532,7
42.54166667,-1.289343865,-1.598331092,7
32.25,-1.463079108,0.818713018,7
33.41666667,-1.468174219,0.818713018,7
34.04166667,-1.445098164,0.818713018,7
33.33333333,-0.904701688,0.818713018,7
84.125,-1.478912934,-1.598331092,7
82.54166667,-2.21329104,-0.680749532,7
44.33333333,-2.479141013,-1.598331092,7
61.79166667,-1.660188387,0.818713018,7
37.33333333,-0.653763588,0.818713018,7
47.33333333,-0.600756314,0.818713018,7
54.875,-0.880466481,0.818713018,7
19.04166667,-0.810739402,0.818713018,7
94.04166667,-1.48464652,-0.680749532,7
48.66666667,-1.034589946,-1.598331092,7
174.75,-1.909313577,0.818713018,7
78.125,-1.809154412,0.818713018,7
22.5,-0.965449518,0.818713018,7
72.66666667,-1.685504746,0.818713018,7
82.625,-1.620568376,0.818713018,7
56.45833333,-1.639815261,-0.680749532,7
74.08333333,-2.058530623,-1.588239479,8
143.7916667,-1.49741065,0.836218876,8
46.25,-0.780444735,0.836218876,8
54.66666667,-0.81625125,0.836218876,8
19.45833333,-0.34609072,0.836218876,8
47.04166667,-0.729869951,0.836218876,8
77.83333333,-1.352139363,-0.667843252,8
44.66666667,-1.29191582,-1.588239479,8
38.70833333,-1.306598205,0.836218876,8
14.58333333,-1.101102399,0.836218876,8
20.82791667,-0.523867522,0.836218876,8
76.625,-1.490626039,0.836218876,8
64.95833333,-1.616495292,0.836218876,8
33.58333333,-1.328154003,-0.667843252,8
28.04166667,-1.152050196,-1.588239479,8
26.54166667,-0.121383769,0.836218876,8
19.16666667,-0.3420313,0.836218876,8
23.79166667,-0.399664736,0.836218876,8
19.625,-0.881321425,0.836218876,8
47.16666667,-1.112007905,0.836218876,8
14.58333333,-0.965390765,-0.667843252,8
62,-1.198166294,-1.588239479,8
54.08333333,-1.812401561,0.836218876,8
86.20833333,-1.889478795,0.836218876,8
21.16666667,-0.737164199,0.836218876,8
41.48916667,-0.918134255,0.836218876,8
15.86416667,-1.209222684,0.836218876,8
13.125,-1.439176997,-0.667843252,8
13.75,0.001138313,-1.588239479,8
33.66666667,0.001138313,0.836218876,8
51.45833333,-0.098067333,0.836218876,8
36.91666667,-0.118532786,0.661160296,9
39.70833333,-0.405224698,0.661160296,9
29.79166667,-0.098645689,0.661160296,9
41.95833333,0.325116982,-0.796906048,9
15.20833333,0.445094045,-1.689155602,9
27.91666667,0.113430644,0.661160296,9
58.86958333,0.064553352,0.661160296,9
44.75,0.075825137,0.661160296,9
44.25,0.714819917,0.661160296,9
29.08333333,0.412894592,0.661160296,9
27.52541667,0.485254916,-0.796906048,9
44.685,-0.060778526,-1.689155602,9
42.70833333,-0.125354278,0.661160296,9
29.75,-0.122795987,0.661160296,9
18.08333333,0.495667463,0.661160296,9
25.75,0.40426952,0.661160296,9
31.625,0.509801357,0.661160296,9
26.45833333,0.127445763,-1.689155602,9
44.25,0.043231394,-1.689155602,9
16.25,0.702968801,0.661160296,9
20.25,1.341371464,0.661160296,9
29.29166667,0.724729844,0.661160296,9
39.625,0.345570333,0.661160296,9
30.875,-0.070510242,0.661160296,9
41.95833333,-0.240258091,-0.796906048,9
54.45833333,-0.880810508,-1.689155602,9
64.625,-0.651095794,0.661160296,9
26.625,0.026291217,0.661160296,9
39.04166667,-0.642159683,0.661160296,9
23.95833333,-0.295278777,0.661160296,9
53.125,-0.648057036,0.871230592,10
56.375,-1.119411266,-0.642030693,10
28.79166667,-0.603097844,-1.568056255,10
41.41666667,-0.402809776,0.871230592,10
43.07791667,-0.543880128,0.871230592,10
16.125,0.133840272,0.871230592,10
23.45833333,0.276028492,0.871230592,10
28.54166667,0.020399232,0.871230592,10
25.58333333,0.910147362,-0.642030693,10
20.41666667,0.015995395,-1.568056255,10
17.29166667,0.432680481,-1.568056255,10
17.33333333,0.185992114,0.871230592,10
12.5,-0.287643429,0.871230592,10
37.57791667,-0.81016983,0.871230592,10
24.875,-0.650725416,0.871230592,10
20.41666667,-0.329199731,-0.642030693,10
21.58333333,0.092354044,-1.568056255,10
14.125,0.734987604,0.871230592,10
13.29166667,1.858281395,0.871230592,10
14.52541667,0.392696553,0.871230592,10
14.125,0.300261259,0.871230592,10
13.79166667,0.059668072,0.871230592,10
14.45833333,-0.106747449,-0.642030693,10
14.04166667,0.080782735,-1.568056255,10
8.75,0.39107743,0.871230592,10
12.20833333,0.362178293,0.871230592,10
15.54166667,0.369232552,0.871230592,10
16.58333333,0.715184927,0.871230592,10
17.70833333,0.800890079,0.871230592,10
18.875,0.995822552,-0.642030693,10
21.125,1.163224284,-1.568056255,10
17.33333333,0.436644159,-1.557964643,11
11.41666667,0.869192838,0.88873645,11
12.25,0.138223126,0.88873645,11
21.74458333,-0.222164814,0.88873645,11
13.83333333,0.814097784,0.88873645,11
14.41666667,0.762811914,-0.629124413,11
10.625,0.76631074,-1.557964643,11
8.666666667,1.464632642,0.88873645,11
14.70833333,0.545139019,0.88873645,11
9.708333333,0.762323932,0.88873645,11
12.375,1.041879702,0.88873645,11
9.75,0.588382956,0.88873645,11
11.41666667,0.062208211,-0.629124413,11
9.083333333,0.177274229,-1.557964643,11
17.5,-0.120689469,0.88873645,11
10.33333333,0.777692614,0.88873645,11
9.125,0.908653943,0.88873645,11
10.58333333,1.264787661,0.88873645,11
13.79166667,1.680867943,0.88873645,11
10.16666667,1.500794017,-0.629124413,11
11.20833333,0.894491747,-1.557964643,11
9.25,1.268678825,0.88873645,11
13,2.186937854,0.88873645,11
7.583333333,1.103789904,0.88873645,11
6.041666667,0.891315964,0.88873645,11
12.45833333,0.925634721,0.88873645,11
13.70833333,0.859442677,-0.629124413,11
15.83333333,0.452226577,-1.557964643,11
12.375,1.035711519,0.88873645,11
16.16666667,0.786057201,0.88873645,11
11.08333333,0.346750175,0.941254024,12
18.58333333,0.947015334,0.941254024,12
17.04166667,1.454355753,0.941254024,12
25.41666667,1.87362841,-0.590405574,12
29.66666667,2.401065076,-1.527689806,12
18.375,2.194585499,0.941254024,12
13.66666667,0.678791273,0.941254024,12
14.32791667,2.194827538,-1.527689806,12
17.58333333,3.096746022,0.941254024,12
13.95833333,1.901830808,0.941254024,12
11.82791667,0.609903913,-0.590405574,12
10.79166667,0.321433406,-1.527689806,12
9.916666667,0.676251818,0.941254024,12
8.5,0.928715933,0.941254024,12
24.22125,1.553341808,0.941254024,12
37.87,1.952601371,0.941254024,12
37.87,1.006567415,0.941254024,12
30.32458333,1.391697671,-0.590405574,12
10.75,2.026974618,-1.527689806,12
14.58333333,2.009986033,0.941254024,12
22.36958333,2.277611633,0.941254024,12
17.45833333,2.587498376,0.941254024,12
11.20833333,0.787326148,0.941254024,12
15.91666667,1.767306043,0.941254024,12
10.41666667,2.809106352,-1.527689806,12
10.375,2.861655119,-1.527689806,12
10.41125,2.702171081,0.941254024,12
9.166666667,2.664029477,0.941254024,12
7.5,1.297025665,0.941254024,12
10.125,0.805140398,0.941254024,12
11.16666667,0.692299575,0.941254024,12
